sentID.BTEC	splits_shared_task	dialect	raw	CODA
37	corpus-6-dev	TUN	نعطيك نومرو التاليفون و الادريسة هاذوما.	نعطيك نومرو التالفون والادريسة هاذوما.
78	corpus-6-dev	TUN	ممكن تبدللي بقعتي؟	ممكن تبدل لي بقعتي؟
89	corpus-6-dev	TUN	تنجم تعاودلي اسمك؟	تنجم تعاود لي اسمك؟
100	corpus-6-dev	TUN	فما حانوت شامل قريب من هنا؟	فما حانوت شامل قريب من هنا؟
134	corpus-6-dev	TUN	الكار هاذي تمشي لوتيل الشيراتون؟	الكار هاذي تمشي لوتيل الشيراتون؟
135	corpus-6-dev	TUN	قداش يطلعو؟	قداش يطلعوا؟
136	corpus-6-dev	TUN	الدنية سخونة شوية. ميسالش نحل الشباك؟	الدنيا سخونة شوية. ميسالش نحل الشباك؟
139	corpus-6-dev	TUN	عينيا حمر.	عينيا حمر.
142	corpus-6-dev	TUN	ما انجمش نضمنلك، اما تو نعملو اللي انجمو.	ما ننجمش نضمن لك، اما تو نعملوا اللي ننجموا.
156	corpus-6-dev	TUN	وقتاش يبدا طرح الباسكات؟	وقتاش يبدا طرح الباسكات؟
207	corpus-6-dev	TUN	شنوة نوعها الحجرة هاذي؟	شنوا نوعها الحجرة هاذي؟
229	corpus-6-dev	TUN	سامحني، سيدي. نحب نحوس شوية في بوسطن.	سامحني، سيدي. نحب نحوس شوية في بوسطن.
256	corpus-6-dev	TUN	نحب نشوف الساك الازرق الي في الشباك.	نحب نشوف الساك الازرق اللي في الشباك.
299	corpus-6-dev	TUN	تهزو معاك ولا نبعثوهولك؟	تهزه معاك ولا نبعثوه لك؟
329	corpus-6-dev	TUN	وقتاش تفرغ طاولة؟	وقتاش تفرغ طاولة؟
454	corpus-6-dev	TUN	نحب بقعة بجنب الشباك، عيشك.	نحب بقعة بجنب الشباك، يعيشك.
480	corpus-6-dev	TUN	نحب نوصق الفاليجة هاذي.	نحب نوصق الفاليجة هاذي.
487	corpus-6-dev	TUN	الوداع صعيب.	الوداع صعيب.
541	corpus-6-dev	TUN	انجم نغسلو في الدار باليد ولا بالماكينة؟	ننجم نغسله في الدار باليد ولا بالماكينة؟
542	corpus-6-dev	TUN	نحب حكة اقواش، يعيشك.	نحب حقة قواش، يعيشك.
561	corpus-6-dev	TUN	في الحالة هاذي، ننصحك بهذا.	في الحالة هاذي، ننصحك بهذا.
610	corpus-6-dev	TUN	تنجم تخلي عندك حاجاتي الثمينة؟	تنجم تخلي عندك حاجاتي الثمينة؟
691	corpus-6-dev	TUN	حسب ما نشوف، ضاهر فيك عندك التهاب.	حسب ما نشوف، ضاهر فيك عندك التهاب.
698	corpus-6-dev	TUN	نحب زوز كراسي في الطاق الثاني لسهرية اليوم؟	نحب زوز كراسي في الطاق الثاني لسهرية اليوم؟
702	corpus-6-dev	TUN	وقتاش يحل البيرو هذا؟	وقتاش يحل البيرو هذا؟
752	corpus-6-dev	TUN	يعطيك الصحة. هذا مفتاح بيتك. الحمال تو يطلعلك باقاجك.	يعطيك الصحة. هذا مفتاح بيتك. الحمال تو يطلع لك باغاجك.
755	corpus-6-dev	TUN	خلي باقاجي عندك، يعيشك.	خلي باقاجي عندك، يعيشك.
785	corpus-6-dev	TUN	ما ضاهرلي كان انجم نعاونك.	ما ضاهر لي كان ننجم نعاونك.
802	corpus-6-dev	TUN	ميسالش تطلب منو ينحي الدخان، غادي؟	ميسالش تطلب منه ينحي الدخان، غادي؟
827	corpus-6-dev	TUN	نحب نعمل شوية اعمال خيرية.	نحب نعمل شوية اعمال خيرية.
841	corpus-6-dev	TUN	بريت بالقدا.	بريت بالقدا.
910	corpus-6-dev	TUN	تعطيني شوية ماء، عيشك؟ عطشان برشة.	تعطيني شوية ماء، يعيشك؟ عطشان برشا.
989	corpus-6-dev	TUN	نحب زوز صحاف من رشتة الموريسوبا.	نحب زوز صحاف من رشتة الموريسوبا.
996	corpus-6-dev	TUN	جرحت روحي بالقزاز هوني.	جرحت روحي بالقزاز هوني.
997	corpus-6-dev	TUN	حقني سالت المدرب، اما تنجمش تقلي اناهية الماكينة الباهية لضهري؟	حقني سالت المدرب، اما تنجمش تقول لي اناهي الماكينة الباهية لظهري؟
1008	corpus-6-dev	TUN	مشغل المكالمات.	مشغل المكالمات.
1011	corpus-6-dev	TUN	ضاهرلي ميش هاذي محطتنا.	ضاهر لي مش هاذي محطتنا.
1024	corpus-6-dev	TUN	تتفكر نومرو الكرهبة؟	تتفكر نومرو الكرهبة؟
1043	corpus-6-dev	TUN	كعبة بيرا، ستاك و فريت، و الصلاطة الخاصة متاع الشاف.	كعبة بيرة، ستاك وفريت، والصلاطة الخاصة متاع الشاف.
1107	corpus-6-dev	TUN	تو نعاود نطلب.	تو نعاود نطلب.
1147	corpus-6-dev	TUN	تعرفش المطعم هذاكا بالحجز ولا لا؟	تعرفش المطعم هاذاكا بالحجز ولا لا؟
1151	corpus-6-dev	TUN	فما حجام في الوتيل؟	فما حجام في الوتيل؟
1157	corpus-6-dev	TUN	عندي ليك طلب.	عندي ليك طلب.
1161	corpus-6-dev	TUN	دفيلي البيت شوية، عيشك.	دفي لي البيت شوية، يعيشك.
1173	corpus-6-dev	TUN	ما انجمش نقلك.	ما ننجمش نقول لك.
1176	corpus-6-dev	TUN	ويني الرصيف نومرو خمسة؟	وينو الرصيف نومرو خمسة؟
1202	corpus-6-dev	TUN	نحب دليل سياحي يحكي ياباني.	نحب دليل سياحي يحكي ياباني.
1223	corpus-6-dev	TUN	كملت تعشيت؟	كملت تعشيت؟
1225	corpus-6-dev	TUN	هذا احسن من ناحية الجودة.	هذا احسن من ناحية الجودة.
1230	corpus-6-dev	TUN	نتخاطر معاك على زوز جنيهات.	نتخاطر معاك على زوز جنيهات.
1231	corpus-6-dev	TUN	عندكم زيارة فيها قنطرة القولدن قايت؟	عندكم زيارة فيها قنطرة الغولدن غيت؟
1277	corpus-6-dev	TUN	رحلة نومرو سبعة ميا و تلاثة لطوكيو نهار اربعة سبتمبر، نهار الجمعة.	رحلة نومرو سبعمية وثلاثة لطوكيو نهار اربعة سبتمبر، نهار الجمعة.
1286	corpus-6-dev	TUN	نلوج في لصق.	نلوج في لصق.
1297	corpus-6-dev	TUN	و غدوة؟	وغدوة؟
1310	corpus-6-dev	TUN	في صحتك.	في صحتك.
1323	corpus-6-dev	TUN	عندكم بالانتين عمرو عشرة سنين؟	عندكم بالانتين عمره عشرة سنين؟
1328	corpus-6-dev	TUN	ممكن ننجمو، اما الحكاية تاخذ اشهرة.	ممكن ننجمو، اما الحكاية تاخذ اشهرة.
1339	corpus-6-dev	TUN	نحب حاجة مقلدة على الشانال.	نحب حاجة مقلدة على الشانال.
1345	corpus-6-dev	TUN	نحب نقيد في رحلة شلالات نياقارا.	نحب نقيد في رحلة شلالات نياغارا.
1358	corpus-6-dev	TUN	ضاهرلي اي.	ضاهر لي اي.
1371	corpus-6-dev	TUN	اه لا. قاعد يقلي في حاجة. زعمة شنوة نعمل؟	آه لا. قاعد يقول لي في حاجة. زعمة شنوا نعمل؟
1417	corpus-6-dev	TUN	اناهيا الكاز الي تمشي لقيلد هول؟	اناهيا الكار اللي تمشي لقيلد هول؟
1423	corpus-6-dev	TUN	موجود في الدرجة الثانية في الصفة الوسطانية.	موجود في الدرجة الثانية في الصفة الوسطانية.
1443	corpus-6-dev	TUN	يلزمني نرجع لليابان توا توا؟	يلزمني نرجع لليابان توا توا؟
1447	corpus-6-dev	TUN	كان فما شك مفاتح قطوس مربوط بشريط هوني.	كان فما شك مفاتح قطوس مربوط بشريط هوني.
1457	corpus-6-dev	TUN	ثمنطاشن دولار بالضبط.	ثمنتعشن دولار بالضبط.
1475	corpus-6-dev	TUN	هاذي دار طيارة.	هاذي دار طيارة.
1497	corpus-6-dev	TUN	كوكا صغيرة، عيشك.	كوكا صغيرة، يعيشك.
1504	corpus-6-dev	TUN	بقاداش التامين على تلاثة مياة دولار؟	بقاداش التامين على ثلاثمياة دولار؟
1538	corpus-6-dev	TUN	تنجمش تقلي الفلوس المقيدة هاذي متاع شنوة؟	تنجمش تقول لي الفلوس المقيدة هاذي متاع شنوا؟
1553	corpus-6-dev	TUN	شنوا الطرح الي قاعد يمشي في الملعب؟	شنوا الطرح اللي قاعد يمشي في الملعب؟
1568	corpus-6-dev	TUN	السبعة متاع الصباح، بالتوقيت المحلي.	السبعة متاع الصباح، بالتوقيت المحلي.
1591	corpus-6-dev	TUN	الباكو طولو خمسة و ستين صانتي، عرضو تلاثين صانتي، و علوو ثمنتاشن صانتي.	الباكو طوله خمسة وستين سانتي، عرضه ثلاثين سانتي، وعلوه ثمنتعشن سانتي.
1597	corpus-6-dev	TUN	العشرة. هذا مفتاح بيتك. بيتك هي اربعة و خمسين تلاثة و تلاثين. الحمال تو يطلعلك دبشك.	العشرة. هذا مفتاح بيتك. بيتك هي اربعة وخمسين ثلاثة وثلاثين. الحمال تو يطلع لك دبشك.
1602	corpus-6-dev	TUN	تحففلي في قصتي إينش فوق حواجبي؟	تحفف لي في قصتي اينش فوق حواجبي؟
1611	corpus-6-dev	TUN	دور عاليسار مع الضو الرفاف.	دور عاليسار مع الضو الرفاف.
1626	corpus-6-dev	TUN	عيشك نحي حوايجك و البس الروبة هاذي.	يعيشك نحي حوايجك والبس الروبة هاذي.
1643	corpus-6-dev	TUN	عندك سكوتش؟	عندك سكوتش؟
1652	corpus-6-dev	TUN	وين اقرب حانوت صبابط؟	وين اقرب حانوت صبابط؟
1656	corpus-6-dev	TUN	عندك عين فنية.	عندك عين فنية.
1697	corpus-6-dev	TUN	تاخو في دوايات اخرين؟	تاخو في دوايات آخرين؟
1708	corpus-6-dev	TUN	العفو. نخير بقعة بجنب الممشى.	العفو. نخير بقعة بجنب الممشى.
1710	corpus-6-dev	TUN	عندك كاش يمشي معاه؟	عندك كاش يمشي معاه؟
1721	corpus-6-dev	TUN	ياسر ضويقة هوني.	ياسر ضويقة هوني.
1723	corpus-6-dev	TUN	اهلا، هاذي البيت اثناش اربعة و تلاثين. اسمي اودا. تقوموني بتاليفون غدوة مع الستة متاع الصباح، عيشك.	اهلا، هاذي البيت اثنعش اربعة وثلاثين. اسمي اودا. تقوموني بالتالفون غدوة مع الستة متاع الصباح، يعيشك.
1740	corpus-6-dev	TUN	انت عضو في النادي المنتشر متاعنا اكري-كرهبة؟	انت عضو في النادي المنتشر متاعنا اكري  كرهبة؟
1814	corpus-6-dev	TUN	ما فهمتكش فاش تقول.	ما فهمتكش فاش تقول.
1844	corpus-6-dev	TUN	راسك يوجع؟	راسك يوجع؟
1850	corpus-6-dev	TUN	ميسالش تجي تهزني من اقرب محطة؟	ميسالش تجي تهزني من اقرب محطة؟
1851	corpus-6-dev	TUN	اي.	اي.
1857	corpus-6-dev	TUN	ميسالش تجيبلي جرايد ولا مجلات؟	ميسالش تجيب لي جرايد ولا مجلات؟
1879	corpus-6-dev	TUN	نحب كتاب نحو.	نحب كتاب نحو.
1884	corpus-6-dev	TUN	فما ملعب متع تنس قريب من هوني؟	فما ملعب متاع تنس قريب من هوني؟
1889	corpus-6-dev	TUN	نوار حب الملوك الي تحتفلو بيه في اليابان وقتاش ينور؟	نوار حب الملوك اللي تحتفلوا بيه في اليابان وقتاش ينور؟
1896	corpus-6-dev	TUN	اي، عنا. تو نمشي نجيبهولك توا.	اي، عنا. تو نمشي نجيبه لك توا.
1914	corpus-6-dev	TUN	شنوة تحب فوقها؟	شنوا تحب فوقها؟
1933	corpus-6-dev	TUN	يضهرلي خارجين الطرابش هاذوما. ضاهرلي بش نشري وحدة، زادة.	يضهر لي خارجين الطرابش هاذوما. ضاهر لي باش نشري واحدة، زادة.
2002	corpus-6-dev	TUN	كيفاش تحب كوارطك؟	كيفاش تحب كوارتك؟
2019	corpus-6-dev	TUN	توا محلول؟	توا محلول؟
2026	corpus-6-dev	TUN	شنوما اهم العروض في المعرض هذا؟	شنوما اهم العروض في المعرض هذا؟
2061	corpus-6-dev	TUN	قريب نمشيو.	قريب نمشيوا.
2076	corpus-6-dev	TUN	واو. مكبرو الباي.	واو. مكبره الباي.
2079	corpus-6-dev	TUN	من انا سكة يخرج الترينو متاع ميلانو؟	من انى سكة يخرج الترينو متاع ميلانو؟
2095	corpus-6-dev	TUN	عيشك قلي كيفاش نعمل مكالمة دولية.	يعيشك قل لي كيفاش نعمل مكالمة دولية.
2097	corpus-6-dev	TUN	انجم نطلع معايا الدبش هذا؟	ننجم نطلع معاي الدبش هذا؟
2108	corpus-6-dev	TUN	عندي خمسين دولار نتصرف فيهم.	عندي خمسين دولار نتصرف فيهم.
2109	corpus-6-dev	TUN	هاو بش نعديلك سي سوزوكي.	هاو باش نعدي لك سي سوزوكي.
2150	corpus-6-dev	TUN	السنة هاذي طاحت.	السنة هاذي طاحت.
2162	corpus-6-dev	TUN	انا، زادة. قلت تنجمش تعاوني نفهم المينو.	انا، زادة. قلت تنجمش تعاوني نفهم المينو.
2194	corpus-6-dev	TUN	نلفهولك؟	نلفه لك؟
2213	corpus-6-dev	TUN	يلزم ساعتين بش واحد يمشي للبيرو و يجي.	يلزم ساعتين باش واحد يمشي للبيرو ويجي.
2219	corpus-6-dev	TUN	عندي تسكرة لدترويت مع الحداش متاع الصباح.	عندي تسكرة لدترويت مع الحدعش متاع الصباح.
2239	corpus-6-dev	TUN	حفلة لاربعة مالناس، الليلة السبعة و نص. باسم شكون؟	حفلة لاربعة مالناس، الليلة السبعة ونص. باسم شكون؟
2240	corpus-6-dev	TUN	نحب نبدل الكماندة متاعي.	نحب نبدل الكماندة متاعي.
2255	corpus-6-dev	TUN	خمسة و عشرين دولار فيهم حق الكار، الدليل، و الدخول.	خمسة وعشرين دولار فيهم حق الكار، الدليل، والدخول.
2258	corpus-6-dev	TUN	شنوة الي يمشي مع هذا حسب رايك؟	شنوا اللي يمشي مع هذا حسب رايك؟
2279	corpus-6-dev	TUN	اي. نلوج في روبة.	اي. نلوج في روبة.
2312	corpus-6-dev	TUN	يعطيك الصحة الي جبتني لهوني بعد وقت الخدمة. مزيتك كبيرة بالحق.	يعطيك الصحة اللي جبتني لهوني بعد وقت الخدمة. مزيتك كبيرة بالحق.
2349	corpus-6-dev	TUN	المفروض تسخن الدنية ليوم في العشية.	المفروض تسخن الدنيا اليوم في العشية.
2371	corpus-6-dev	TUN	ويني الجبانة؟	ويني الجبانة؟
2388	corpus-6-dev	TUN	مشوه هذا.	مشوه هذا.
2409	corpus-6-dev	TUN	يتبعث عالبحر؟	يتبعث عالبحر؟
2411	corpus-6-dev	TUN	خطر كان ما نروحش للوتيل في تاكسي.	خطر كان ما نروحش للوتيل في تاكسي.
2453	corpus-6-dev	TUN	بش نوصلو في الوقت؟	باش نوصلوا في الوقت؟
2461	corpus-6-dev	TUN	نحب على شوية صرف.	نحب على شوية صرف.
2464	corpus-6-dev	TUN	تحكي بالشوية عيشك؟	تحكي بالشوية يعيشك؟
2482	corpus-6-dev	TUN	نلوج في محرمة حرير.	نلوج في محرمة حرير.
2486	corpus-6-dev	TUN	نمشي مع السبعة غدوة في الصباح، دونك ماذابيا تمدلي الفاتورة توة.	نمشي مع السبعة غدوة في الصباح، دونك ماذابيا تمد لي الفاتورة توا.
2497	corpus-6-dev	TUN	فما اربعة فصول مختلفة.	فما اربعة فصول مختلفة.
2525	corpus-6-dev	TUN	تحبلها تسعة و تسعين نهار الكارطة بش تعاود تطلع. عيشك حط وتيلك و نومرو تاليفونك عالورقة هاذي، بش انجمو نتصلو بيك.	تحب لها تسعة وتسعين نهار الكارطة باش تعاود تطلع. يعيشك حط وتيلك ونومرو تاليفونك عالورقة هاذي، باش ننجموا نتصلوا بيك.
2527	corpus-6-dev	TUN	تقرا انت؟	تقرا انت؟
2535	corpus-6-dev	TUN	نحب خيمة.	نحب خيمة.
2565	corpus-6-dev	TUN	توا ماضي ساعة و اربعة دقايق متاع العشية.	توا ماضي ساعة واربعة دقايق متاع العشية.
2571	corpus-6-dev	TUN	في المشتريات الي يفوتو تسعين دولار، تنجمو تشريو مانغير تاكس.	في المشتريات اللي يفوتوا تسعين دولار، تنجموا تشريوا من غير تاكس.
2580	corpus-6-dev	TUN	فهمتك. زوز تساكر مشي و جي لسان دياقو، عيشك.	فهمتك. زوز تساكر مشي وجي لسان دياقو، يعيشك.
2607	corpus-6-dev	TUN	ممتازين للبحر.	ممتازين للبحر.
2625	corpus-6-dev	TUN	في جرة عاصفة ثلجية، الرحلة صفر واحد و عشرين متاع الخطوط الجوية الكنادية تلغات.	في جرة عاصفة ثلجية، الرحلة صفر واحد وعشرين متاع الخطوط الجوية كندية تلغات.
2663	corpus-6-dev	TUN	نلقي كل شي مالقايمة هاذي في المغازة ولا يلزمني نمشي للعطار زادة؟	نلقي كل شي مالقايمة هاذي في المغازة ولا يلزمني نمشي للعطار زادة؟
2680	corpus-6-dev	TUN	وينو العرض؟	وينو العرض؟
2700	corpus-6-dev	TUN	قداش تاخذ وقت كي تتبعث عالبحر؟	قداش تاخذ وقت كي تتبعث عالبحر؟
2710	corpus-6-dev	TUN	نحب نبدل طيارتي.	نحب نبدل طيارتي.
2720	corpus-6-dev	TUN	نحب ناخذ درس سكي.	نحب ناخذ درس سكي.
2722	corpus-6-dev	TUN	لعبد برك؟	لعبد برك؟
2743	corpus-6-dev	TUN	انجمو نلعبو بالصبابط هاذوما؟	ننجموا نلعبوا بالصبابط هاذوما؟
2782	corpus-6-dev	TUN	خذالي ساكي.	خذا لي ساكي.
2787	corpus-6-dev	TUN	شنوة يلزمني نلبس؟	شنوا يلزمني نلبس؟
2857	corpus-6-dev	TUN	بالطبيعة. وبربي سلملي على للا كوك الي عملت برشة حاجات في اجتماعنا.	بالطبيعة. وبربي سلم لي على للا كوك اللي عملت برشا حاجات في اجتماعنا.
2859	corpus-6-dev	TUN	عندكم بيوت فارغة بالسوم هاذاكا؟	عندكم بيوت فارغة بالسوم هاذاكا؟
2884	corpus-6-dev	TUN	ماليسار، هذا يخص الوقت اللازم للتصنيع، تقدير الكلفة، و المجازفة المالية.	ماليسار، هذا يخص الوقت اللازم للتصنيع، تقدير الكلفة، والمجازفة المالية.
2903	corpus-6-dev	TUN	عنا كان قياس ثمنية توة.	عنا كان قياس ثمانية توا.
2906	corpus-6-dev	TUN	متعدي و برا.	متعدي وبرا.
2910	corpus-6-dev	TUN	نحب واحد صحيح.	نحب واحد صحيح.
2948	corpus-6-dev	TUN	ميسالش تعاوني نلقى تساكر؟	ميسالش تعاوني نلقى تساكر؟
2965	corpus-6-dev	TUN	القهوة هاذي قوية برشة.	القهوة هاذي قوية برشا.
2974	corpus-6-dev	TUN	تعطيني مخدر عيشك؟	تعطيني مخدر يعيشك؟
2978	corpus-6-dev	TUN	غزرتو مليح للمتهم؟	غزرتوا مليح للمتهم؟
3005	corpus-6-dev	TUN	نحب نشري حوايج دخلانية.	نحب نشري حوايج دخلانية.
3007	corpus-6-dev	TUN	الطبق الرئيسي هو خليط بين البقري المشوي و جراد البحر.	الطبق الرئيسي هو خليط بين البقري المشوي وجراد البحر.
3009	corpus-6-dev	TUN	منين يخرج الترينو لبوسطن؟	منين يخرج الترينو لبوسطن؟
3018	corpus-6-dev	TUN	بش ناكلو مع بعضن، زيدنا فرشيطة اخرى عيشك؟	باش ناكلوه مع بعضنا، زيدنا فرشيطة اخرى يعيشك؟
3022	corpus-6-dev	TUN	في وتيل هاليكولاني.	في وتيل هاليكولاني.
3065	corpus-6-dev	TUN	بقداش نكري بيبور؟	بقداش نكري بيبور؟
3068	corpus-6-dev	TUN	بديتو تاخذو في كماندات العشاء؟	بديتوا تاخذوا في كماندات العشاء؟
3074	corpus-6-dev	TUN	طاولة بحذا الشباك، عيشك.	طاولة بحذا الشباك، يعيشك.
3075	corpus-6-dev	TUN	توريني اللي بجنب الشباك؟	توريني اللي بجنب الشباك؟
3086	corpus-6-dev	TUN	عندكم كوارط صغار؟	عندكم كوارت صغار؟
3092	corpus-6-dev	TUN	تجيبلنا صندرية، عيشك؟	تجيبلنا صندرية، يعيشك؟
3174	corpus-6-dev	TUN	تعطيني مسكن متاع وجيعة.	تعطيني مسكن متاع وجيعة.
3212	corpus-6-dev	TUN	تنجم تكلم شركة تامين؟	تنجم تكلم شركة تامين؟
3231	corpus-6-dev	TUN	تسكرة متاع طالب، عيشك.	تسكرة متاع طالب، يعيشك.
3233	corpus-6-dev	TUN	بربي اكتب جواب اول ما تخلط.	بربي اكتب جواب اول ما تخلط.
3239	corpus-6-dev	TUN	سامحني. اسمع، تو نخلص كل شي. ما تكلمش البوليسية. بابا يقتلني.	سامحني. اسمع، تو نخلص كل شي. ما تكلمش البوليسية. بابا يقتلني.
3266	corpus-6-dev	TUN	ازرب.	ازرب.
3272	corpus-6-dev	TUN	سامحني، اما تنعتني عالمحطة؟	سامحني، اما تنعتني عالمحطة؟
3278	corpus-6-dev	TUN	نحب نمشي للجبال.	نحب نمشي للجبال.
3290	corpus-6-dev	TUN	صرفهملي للبيسيتاس، عيشك.	اصرفهم لي للبيسيتاس، يعيشك.
3310	corpus-6-dev	TUN	لا، اما عنا طبيب يفهم ياباني بالقدا. مالا ما فماش مشكلة بالكل.	لا، اما عنا طبيب يفهم ياباني بالقدا. مالا ما فماش مشكلة بالكل.
3330	corpus-6-dev	TUN	وريني جدول الاوقات، يعيشك.	وريني جدول الاوقات، يعيشك.
3353	corpus-6-dev	TUN	تعرفش طبيب يحكي ياباني؟	تعرفش طبيب يحكي ياباني؟
3360	corpus-6-dev	TUN	مانيش مصدق الي انا راجع لليابان. ماذابيا نزيد نقعد.	مانيش مصدق اللي انا راجع لليابان. ماذابيا نزيد نقعد.
3366	corpus-6-dev	TUN	مشهور بالمحيط المزيان.	مشهور بالمحيط المزيان.
3418	corpus-6-dev	TUN	مستعد اتطيحلي السوم لسبعة دولار؟	مستعد تتطيح لي السوم لسبعة دولار؟
3431	corpus-6-dev	TUN	تفرجت في الماتش؟ ربحو اليانكيز.	تفرجت في الماتش؟ ربحوا اليانكيز.
3445	corpus-6-dev	TUN	لا عيشك، انجم نلقاه وحدي.	لا يعيشك، ننجم نلقاه وحدي.
3462	corpus-6-dev	TUN	تقلي اش فما اليوم في التلفزة؟	تقول لي اش فما اليوم في التلفزة؟
3473	corpus-6-dev	TUN	الفيلم في انا قناة؟	الفيلم في انى قناة؟
3483	corpus-6-dev	TUN	شنوة كوكتالكم المختصين فيه؟	شنوا كوكتالكم المختصين فيه؟
3551	corpus-6-dev	TUN	هاذا كان خارج برشة مالاربعينات لاواخر الستينات.	هاذا كان خارج برشا مالاربعينات لاواخر الستينات.
3693	corpus-6-dev	TUN	عندكم كريمة؟	عندكم كريمة؟
3703	corpus-6-dev	TUN	انجم نسال على وقت الخروج من هنا؟	ننجم نسال على وقت الخروج من هنا؟
3710	corpus-6-dev	TUN	فهمتك. خليني نشوف كتابي. عندي بلاصة الجمعة هاذي. تخير صباح ولا عشية؟	فهمتك. خليني نشوف كتابي. عندي بلاصة الجمعة هاذي. تخير صباح ولا عشية؟
3716	corpus-6-dev	TUN	سامحني. ما عنديش ما يكفي توة.	سامحني. ما عنديش ما يكفي توا.
3718	corpus-6-dev	TUN	باهي. هيا نعملوه. حاضر؟	باهي. هي نعملوه. حاضر؟
3719	corpus-6-dev	TUN	كوارتز هذا؟	كوارتز هذا؟
3722	corpus-6-dev	TUN	اه، ويلزمني ناخذ زادا شوية معجون اسنان.	آه، ويلزمني ناخذ زادا شوية معجون اسنان.
3730	corpus-6-dev	TUN	نومرو التاليفون واحد ثنين تلاثة اربعة خمسة ستة.	نومرو التالفون واحد اثنين ثلاثة اربعة خمسة ستة.
3732	corpus-6-dev	TUN	تحب لحم بقري ولا حوت؟	تحب لحم بقري ولا حوت؟
3736	corpus-6-dev	TUN	تغزر لورقة اختبار النضر؟	تغزر لورقة اختبار النضر؟
3760	corpus-6-dev	TUN	كان عندي دبوزة ماء معدني مالفريجيدار.	كان عندي دبوزة ماء معدني مالفريجيدار.
3821	corpus-6-dev	TUN	ما حبيتش هذا.	ما حبيتش هذا.
3824	corpus-6-dev	TUN	فهمتك. مزيان. اما موش غالي شوية.	فهمتك. مزيان. اما موش غالي شوية.
3830	corpus-6-dev	TUN	بقداش الليلة؟	بقداش الليلة؟
3855	corpus-6-dev	TUN	هذا ديليكاتو ولا يتكسر؟	هذا ديليكاتو ولا يتكسر؟
3874	corpus-6-dev	TUN	قوكوروساما الى فسرتلي هذا الكل.	قوكوروساما اللي فسرت لي هذا الكل.
3875	corpus-6-dev	TUN	ما طيرتش الماء عندي تلاثة ايام.	ما طيرتش الماء عندي ثلاثة ايام.
3902	corpus-6-dev	TUN	هذا يتوقف على عندك حاجة تحب تدكلاريها.	هذا يتوقف على عندك حاجة تحب تدكلاريها.
3907	corpus-6-dev	TUN	مانشستر يعيشك.	مانشستر يعيشك.
3992	corpus-6-dev	TUN	هذا التوصيل متاعي للخلاص.	هذا التوصيل متاعي للخلاص.
4009	corpus-6-dev	TUN	عيشك وريني.	يعيشك وريني.
4015	corpus-6-dev	TUN	علاش منتوج أ حافض على جزء كبير من حضو في السوق في الخمسة سنين الاخرانين؟	علاش منتوج أ حافض على جزء كبير من حضو في السوق في الخمسة سنين الاخرانين؟
4029	corpus-6-dev	TUN	وقتاش يخرج اخر ترينو؟	وقتاش يخرج آخر ترينو؟
4054	corpus-6-dev	TUN	الي تختار باهي.	اللي تختار باهي.
4083	corpus-6-dev	TUN	ميسالش تعاود تكلمني بعد؟	ميسالش تعاود تكلمني بعد؟
4105	corpus-6-dev	TUN	ميسالش نقيس القياس اللي اكبر شوية؟	ميسالش نقيس القياس اللي اكبر شوية؟
4123	corpus-6-dev	TUN	تعطني دواء متاع معدة؟	تعطني دواء متاع معدة؟
4136	corpus-6-dev	TUN	بربي اعطيني ساك نهز فيه؟	بربي اعطيني ساك نهز فيه؟
4153	corpus-6-dev	TUN	نحب نبعت ماندة.	نحب نبعث ماندة.
4154	corpus-6-dev	TUN	هذاكا خاتر القرارات يتاخذو جماعيا.	هاذاكا خاطر القرارات يتاخذوا جماعيا.
4161	corpus-6-dev	TUN	كان نشري زوز بقداش تخليهملي؟	كان نشري زوز بقداش تخليهم لي؟
4178	corpus-6-dev	TUN	تحب شوية تاي؟	تحب شوية تاي؟
4196	corpus-6-dev	TUN	حقيقي؟	حقيقي؟
4236	corpus-6-dev	TUN	عندكم مسكنات متع وجيعة في الوتيل؟	عندكم مسكنات متاع وجيعة في الوتيل؟
4257	corpus-6-dev	TUN	سامحني، ما انجمش. ما انجم ناقف كان في الوتلة الموجودين في القايمة هاذي.	سامحني، ما ننجمش. ما ننجم ناقف كان في الوتلة الموجودين في القايمة هاذي.
4268	corpus-6-dev	TUN	سنوة نومرو البوابة؟	شنوا نومرو البوابة؟
4327	corpus-6-dev	TUN	اخرج من غادي و دور عاليسار، عيشك.	اخرج من غادي ودور عاليسار، يعيشك.
4338	corpus-6-dev	TUN	وينو الدروج؟	وينو الدروج؟
4366	corpus-6-dev	TUN	مانيش بالعاني.	مانيش بالعاني.
4433	corpus-6-dev	TUN	سامحني، اما ضاهرلي قاعدلي في بلاسطي. شنوة نومرو كرسيك؟	سامحني، اما ضاهر لي قاعد لي في بلاسطي. شنوا نومرو كرسيك؟
4455	corpus-6-dev	TUN	نخير وحدة اوتوماتيك.	نخير واحدة اوتوماتيك.
4477	corpus-6-dev	TUN	نحب ناخذ الطيارة الجاية لبوسطن.	نحب ناخذ الطيارة الجاية لبوسطن.
4520	corpus-6-dev	TUN	نحب نعمل مكالمة دولية لليابان، عيشك.	نحب نعمل مكالمة دولية لليابان، يعيشك.
4530	corpus-6-dev	TUN	بالكريمة و السكر، عيشك.	بالكريمة والسكر، يعيشك.
4534	corpus-6-dev	TUN	فما كازينو في المدينة هاذي.	فما كازينو في المدينة هاذي.
4535	corpus-6-dev	TUN	جعت.	جعت.
4538	corpus-6-dev	TUN	تجيبلي وسكي بالقازوز و براندي، عيشك؟	تجيب لي وسكي بالقازوز وبراندي، يعيشك؟
4632	corpus-6-dev	TUN	سرقوني.	سرقوني.
4636	corpus-6-dev	TUN	حط فلوسك وين فمك.	حط فلوسك وين فمك.
4661	corpus-6-dev	TUN	عندكم جرايد يابانية؟	عندكم جرايد يابانية؟
4677	corpus-6-dev	TUN	انجم ندخل؟	ننجم ندخل؟
4698	corpus-6-dev	TUN	كان تحب خدمة متاع نهار، نزيدوك خمسين بالميا في الفاتورة. ميسالش؟	كان تحب خدمة متاع نهار، نزيدوك خمسين بالمية في الفاتورة. ميسالش؟
4730	corpus-6-dev	TUN	فما لصقة ميكي ماوس عليه.	فما لصقة ميكي ماوس عليه.
4758	corpus-6-dev	TUN	يصعب علي مي يضيع عليا صاحبي في الطريق.	يصعب علي ما يضيع علي صاحبي في الطريق.
4760	corpus-6-dev	TUN	تصرفلي الورقة متاع عشرة هاذي لعشرة ورقات متاع دولار واحد؟	تصرف لي الورقة متاع عشرة هاذي لعشرة ورقات متاع دولار واحد؟
4770	corpus-6-dev	TUN	تجي تعمل معايا تحريشة؟	تجي تعمل معاي تحريشة؟
4786	corpus-6-dev	TUN	تخدم في وحدة قانون الاداء على الشركات.	تخدم في وحدة قانون الاداء على الشركات.
4823	corpus-6-dev	TUN	منين انجم نشري لباس تقليدي؟	منين ننجم نشري لباس تقليدي؟
4839	corpus-6-dev	TUN	تقبل شيكات سياحية؟	تقبل شيكات سياحية؟
4873	corpus-6-dev	TUN	كرهبة ما يتكيفوش فيها، عيشك.	كرهبة ما يتكيفوش فيها، يعيشك.
4876	corpus-6-dev	TUN	عيشك اكتب ادريستك القارة.	يعيشك اكتب ادريستك القارة.
4878	corpus-6-dev	TUN	احنا مستعدين بش نجاوبو بالوفت على اي سؤال عندك.	احنا مستعدين باش نجاوبوا بالوقت على اي سؤال عندك.
4926	corpus-6-dev	TUN	خليني نقري بالنومرو بالنومرو.	خليني نقري بالنومرو بالنومرو.
4944	corpus-6-dev	TUN	انا نورمال. شنوة تحب تاخذ انتي؟	انا نورمال. شنوا تحب تاخذ انتي؟
4965	corpus-6-dev	TUN	بيلة سيقارو للمصورة هاذي، يعيشك.	بيلة سيغارو للمصورة هاذي، يعيشك.
4976	corpus-6-dev	TUN	حجزت بلايص بجنب الشباك.	حجزت بلايص بجنب الشباك.
4989	corpus-6-dev	TUN	حكاية خمسمياتن سنت ولا مياتن دولار امريكاني.	حكاية خمسمياتن سنت ولا مياتن دولار امريكاني.
4997	corpus-6-dev	TUN	فما ماركات اخرين؟	فما ماركات آخرين؟
4999	corpus-6-dev	TUN	اللوطى في الجنوب.	اللوطى في الجنوب.
5007	corpus-6-dev	TUN	بكرة فيلم نوار اي بلان، عشرين صورة، عيشك.	بكرة فيلم نوار اي بلان، عشرين صورة، يعيشك.
5013	corpus-6-dev	TUN	نحب الاكثرية اوراق بو خمسة جنيه.	نحب الاكثرية اوراق بو خمسة جنيه.
5032	corpus-6-dev	TUN	سامحني. تنجم تقلي كيفاش نوصل لأقرب بانكا؟	سامحني. تنجم تقول لي كيفاش نوصل لاقرب بانكا؟
5059	corpus-6-dev	TUN	نجمو نهزوك مع ماضي تلاثا متاع القايلة. إذا تحتاج باش تكري ماتريال، يلزمك تجي لمقر النادي مع ماضي تلاثا غير ربع.	ننجموا نهزوك مع ماضي ثلاثة متاع القايلة. اذا تحتاج باش تكري ماتيريال، يلزمك تجي لمقر النادي مع ماضي ثلاثة غير ربع.
5060	corpus-6-dev	TUN	سوم تسكرة الكار ميا وثمانين يان.	سوم تسكرة الكار مية وثمانين يان.
5075	corpus-6-dev	TUN	وين موجودة بلاصة الدبش؟	وين موجودة بلاصة الدبش؟
5102	corpus-6-dev	TUN	سامحني، تنجم تهز شويا الدوسي من كرسيك، يعيشك؟	سامحني، تنجم تهز شوية الدوسي من كرسيك، يعيشك؟
5103	corpus-6-dev	TUN	نهار مزيان، صحيح؟	نهار مزيان، صحيح؟
5143	corpus-6-dev	TUN	نجم ناخو زوز باكوات متاع كادوات؟	ننجم ناخو زوز باكوات متاع كادوات؟
5174	corpus-6-dev	TUN	أنا م اليابان.	انا ماليابان.
5180	corpus-6-dev	TUN	تو نثبت. سامحني اما مانلقاش إسمك.	تو نثبت. سامحني اما ما نلقاش اسمك.
5216	corpus-6-dev	TUN	قداش يكلف هذا حسب التقريب للمشيان غادي؟	قداش يكلف هذا حسب التقريب للمشيان غادي؟
5222	corpus-6-dev	TUN	نجم ناخو الجواب هذا؟	ننجم ناخو الجواب هذا؟
5228	corpus-6-dev	TUN	هذا ياخو من نهارين لتلاثا أيام.	هذا ياخو من نهارين لثلاثة ايام.
5252	corpus-6-dev	TUN	نحب على أمبوبة، يعيشك.	نحب على امبوبة، يعيشك.
5254	corpus-6-dev	TUN	شنيا هي إعاقتك؟	شنيا هي اعاقتك؟
5256	corpus-6-dev	TUN	أوه، أما أكيد، خوذو. هايل. توا عندي الشباك.	اوه، اما اكيد، خوذه. هايل. توا عندي الشباك.
5351	corpus-6-dev	TUN	قداش وقت يلزم بالكار؟	قداش وقت يلزم بالكار؟
5378	corpus-6-dev	TUN	فما برشا لين ما نعرفش أنا هو نختار.	فما برشا لين ما نعرفش انىهو نختار.
5381	corpus-6-dev	TUN	لا. نحب دجينات وأنسمبلات بسراول.	لا. نحب دجينات وانسومبلات بسراول.
5450	corpus-6-dev	TUN	نحب نكري كرهبة صغيرة .	نحب نكري كرهبة صغيرة.
5456	corpus-6-dev	TUN	تنجم تاقف هوني، قدام الفترينا هاذي؟	تنجم تاقف هوني، قدام الفترينا هاذي؟
5467	corpus-6-dev	TUN	حطيت فيه برشا ملح.	حطيت فيه برشا ملح.
5476	corpus-6-dev	TUN	قداش من ستيكة حليب تشري في الجمعة؟	قداش من ستيكة حليب تشري في الجمعة؟
5480	corpus-6-dev	TUN	تنجم تفسرهولي من جديد؟	تنجم تفسره لي من جديد؟
5508	corpus-6-dev	TUN	أو، يعيشك. باش نجرب هذا.	او، يعيشك. باش نجرب هذا.
5514	corpus-6-dev	TUN	تنجم تعطيه دوايات متاع دوخة الجو، يعيشك؟	تنجم تعطيه دوايات متاع دوخة الجو، يعيشك؟
5517	corpus-6-dev	TUN	ما نعرش نفسر وضعيتي بللنقلي.	ما نعرفش نفسر وضعيتي بالانقلي.
5582	corpus-6-dev	TUN	كيفاش يلزمني ناخذو؟	كيفاش يلزمني ناخذه؟
5593	corpus-6-dev	TUN	إذا صارت حاجة، يعيشك كلمني.	اذا صارت حاجة، يعيشك كلمني.
5595	corpus-6-dev	TUN	تزويق طافي، يعيشك.	تزويق طافي، يعيشك.
5613	corpus-6-dev	TUN	يلزمني نكماندي فطور الصباح توا؟	يلزمني نكماندي فطور الصباح توا؟
5635	corpus-6-dev	TUN	يعيشك سجل هذا الكل حتى لوجهتي لخرة، يعيشك.	يعيشك سجل هذا الكل حتى لوجهتي الاخرة، يعيشك.
5667	corpus-6-dev	TUN	صبيت الشربة.	صبيت الشربة.
5694	corpus-6-dev	TUN	لا، ماعنديش فلوس برشا.	لا، ما عنديش فلوس برشا.
5696	corpus-6-dev	TUN	إيه، ناخو شامبانيا مع المقبلات.	ايه، ناخو شامبانيا مع المقبلات.
5722	corpus-6-dev	TUN	خليني نثبت مع المقازان متاعنا لخرة باش نشوف إذا عندنا منهم مخزنين.	خليني نثبت مع المغازان متاعنا الاخرى باش نشوف اذا عندنا منهم مخزنين.
5728	corpus-6-dev	TUN	في أنا ساعة يكون المد؟	في انى ساعة يكون المد؟
5745	corpus-6-dev	TUN	باش يعمل بحث على التاريخ لمريكي في جامعة هارفارد.	باش يعمل بحث على التاريخ الامريكي في جامعة هارفارد.
5759	corpus-6-dev	TUN	نلوج على إيشارب لماما. عمرها أكثر من ستين سنا.	نلوج على ايشارب لماما. عمرها اكثر من ستين سنة.
5764	corpus-6-dev	TUN	تخدم هوني؟	تخدم هوني؟
5766	corpus-6-dev	TUN	نحب نخلص المكالمة هاذي.	نحب نخلص المكالمة هاذي.
5795	corpus-6-dev	TUN	شنيا؟ كملنا البلا وجابولنا أصلا واحد آخر.	شنيا؟ كملنا البلا وجابوا لنا اصلا واحد آخر.
5810	corpus-6-dev	TUN	إنت مؤكد مرة أخرى.	انت مؤكد مرة اخرى.
5840	corpus-6-dev	TUN	تنجم تهزني للسبيطار؟	تنجم تهزني للسبيطار؟
5844	corpus-6-dev	TUN	صالت الرستورون الأساسية تحل مع الثمانيا متاع الليل وتسكر مع العشرا متاع الليل.	صالت الرستورون الاساسية تحل مع الثمانية متاع الليل وتسكر مع العشرة متاع الليل.
5853	corpus-6-dev	TUN	شنيا نوع البيل إلي يستعملو؟	شنيا نوع البيل اللي يستعمله؟
5854	corpus-6-dev	TUN	نحب كتاب متاع صغار، يعيشك.	نحب كتاب متاع صغار، يعيشك.
5859	corpus-6-dev	TUN	سامحني، أما نحب نلغي الحجز متاعي.	سامحني، اما نحب نلغي الحجز متاعي.
5867	corpus-6-dev	TUN	ويني الديسكوتاك العصري؟	وينو الديسكوتاك العصري؟
5872	corpus-6-dev	TUN	نحب نتفرج في ماتش بايزبول محترف.	نحب نتفرج في ماتش بيزبول محترف.
5880	corpus-6-dev	TUN	عندي موعد آخر النهار هذا.	عندي موعد آخر النهار هذا.
5885	corpus-6-dev	TUN	عندك هذا في الأخضر؟	عندك هذا في الاخضر؟
5929	corpus-6-dev	TUN	إيه. عندي هاو قدامي. نجم نرى البرمي متاعك، يعيشك؟	ايه. عندي هاو قدامي. ننجم نرى البرمي متاعك، يعيشك؟
6008	corpus-6-dev	TUN	تنجم تدلني على وتلا أقل من خمسين جنيه الليلة؟	تنجم تدلني على وتلة اقل من خمسين جنيه الليلة؟
6033	corpus-6-dev	TUN	تو نعملك عشرين بالميا على السوم.	تو نعمل لك عشرين بالمية على السوم.
6042	corpus-6-dev	TUN	عندك خريطة ثنايا السكي؟	عندك خريطة ثنايا السكي؟
6066	corpus-6-dev	TUN	بصحتك.	بصحتك.
6076	corpus-6-dev	TUN	بالمناسبة، كيفاش تجرب البرنامج؟	بالمناسبة، كيفاش تجرب البرنامج؟
6077	corpus-6-dev	TUN	عندك أي حاجة تصرح بيها؟	عندك اي حاجة تصرح بيها؟
6132	corpus-6-dev	TUN	يعيشك هز دبشي لبيتي.	يعيشك هز دبشي لبيتي.
6143	corpus-6-dev	TUN	تفرهدت بالقدا هوني. يعيشك على كل شي.	تفرهدت بالقدا هوني. يعيشك على كل شي.
6157	corpus-6-dev	TUN	شنيا الأسرع؟ ما عندناش برشا وقت.	شنيا الاسرع؟ ما عندناش برشا وقت.
6162	corpus-6-dev	TUN	شنيا نومرو الكار الماشية لببيكاديللي سركاس؟	شنيا نومرو الكار الماشية لبيكاديلي سركس؟
6165	corpus-6-dev	TUN	تنجم تصلحو، يعيشك؟	تنجم تصلحه، يعيشك؟
6215	corpus-6-dev	TUN	تنجم تحجز زوز تساكر؟	تنجم تحجز زوز تساكر؟
6230	corpus-6-dev	TUN	نجم نستعمل ماستر كارد؟	ننجم نستعمل ماستر كارد؟
6246	corpus-6-dev	TUN	العفو. بالمناسبة، فما تاكسيفون قريب من هوني؟	العفو. بالمناسبة، فما تاكسيفون قريب من هوني؟
6252	corpus-6-dev	TUN	عندي حوايج باش نغسلهم.	عندي حوايج باش نغسلهم.
6254	corpus-6-dev	TUN	وين موجود القصر؟	وين موجود القصر؟
6282	corpus-6-dev	TUN	عندك كبوط؟	عندك كبوط؟
6311	corpus-6-dev	TUN	فماش تساكر موجودين؟	فماش تساكر موجودين؟
6325	corpus-6-dev	TUN	اليدين في الهوا.	اليدين في الهوا.
6342	corpus-6-dev	TUN	شنيا هو تشخيصك؟	شنيا هو تشخيصك؟
6349	corpus-6-dev	TUN	نحن مهتمين بالدين.	نحن مهتمين بالدين.
6361	corpus-6-dev	TUN	المطر ولات تبروري.	المطر ولات تبروري.
6364	corpus-6-dev	TUN	الفطور يتسربا مع السبعا متاع الصباح، كان في الويكاند.	الفطور يتسربا مع السبعة متاع الصباح، كان في الويك اند.
6368	corpus-6-dev	TUN	يعيشك أربط حزامك وما تتكيفش وقت الإقلاع؟	يعيشك اربط حزامك وما تتكيفش وقت الاقلاع؟
6388	corpus-6-dev	TUN	نحب بانان.	نحب بانان.
6464	corpus-6-dev	TUN	شنيا سبب الشكاية متاعك؟	شنيا سبب الشكاية متاعك؟
6467	corpus-6-dev	TUN	هاذي البيت سبعا ميا وثنين. نحب تفيقوني برنة مع السبعا غدوة الصباح، يعيشك.	هاذي البيت سبعمية وثنين. نحب تفيقوني برنة مع السبعة غدوة الصباح، يعيشك.
6499	corpus-6-dev	TUN	هذا غالي برشا عليا. وريني حاجات أخرين أرخص، يعيشك.	هذا غالي برشا علي. وريني حاجات اخرين ارخص، يعيشك.
6502	corpus-6-dev	TUN	نقرا أنقلي.	نقرا انقلي.
6504	corpus-6-dev	TUN	يعيشك حط خمسا دولارات وخمسا وعشرين سنت في الدقايق التلاثا الجايين.	يعيشك حط خمسة دولارات وخمسة وعشرين سنت في الدقايق التلاثة الجايين.
6510	corpus-6-dev	TUN	يعيشك مد بطاقاتك متاع الهبوط.	يعيشك مد بطاقاتك متاع الهبوط.
6540	corpus-6-dev	TUN	قداش وقت يلزم باش نمشي لفيلادلفيا؟	قداش وقت يلزم باش نمشي لفيلادلفيا؟
6638	corpus-6-dev	TUN	كان طويل وأزعر.	كان طويل وازعر.
6643	corpus-6-dev	TUN	تسكرة مشي وجي لميامي يعيشك.	تسكرة مشي وجي لميامي يعيشك.
6648	corpus-6-dev	TUN	أنا إسمي واتاناب غوروه.	انا اسمي واتانابي غوروه.
6651	corpus-6-dev	TUN	بقداش يتبعث الجواب هذا مالا؟	بقداش يتبعث الجواب هذا مالا؟
6656	corpus-6-dev	TUN	نحب أي حاجة ضد الكحة.	نحب اي حاجة ضد الكحة.
6681	corpus-6-dev	TUN	شكون في التاليفون؟	شكون في التالفون؟
6694	corpus-6-dev	TUN	هذا يبدى مع التسعا متاع الصباح.	هذا يبدا مع التسعة متاع الصباح.
6742	corpus-6-dev	TUN	مالا أهبط في المحطة الجاية وخوذ الكار حتى هايد بارك.	مالا اهبط في المحطة الجاية وخوذ الكار حتى هايد بارك.
6745	corpus-6-dev	TUN	نحب ناخو بلاصة على جنب، يعيشك.	نحب ناخو بلاصة على جنب، يعيشك.
6768	corpus-6-dev	TUN	نحب شيبس.	نحب شيبس.
6788	corpus-6-dev	TUN	يلزمني ناخو ترابط. ياخي ممكن؟	يلزمني ناخو ترابط. ياخي ممكن؟
6824	corpus-6-dev	TUN	الجولة هاذي بنص -نهار باش تصير باليابانية؟	الجولة هاذي بنص  نهار باش تصير باليابانية؟
6839	corpus-6-dev	TUN	إيه، نلوج على هدية لأختي.	ايه، نلوج على هدية لاختي.
6876	corpus-6-dev	TUN	ماشي لممفيس.	ماشي لممفيس.
6889	corpus-6-dev	TUN	تنجم تثبت إذا فما رحلة أخرى موجودة؟	تنجم تثبت اذا فما رحلة اخرى موجودة؟
6894	corpus-6-dev	TUN	نجم نحكي مع سي كاوري واتاناب في البيت ثمانيا ميا وأثناش؟	ننجم نحكي مع سي كاوري واتانابي في البيت ثمانيمية وأثنعش؟
6895	corpus-6-dev	TUN	عندك مشروبات أخرى؟	عندك مشروبات اخرى؟
6930	corpus-6-dev	TUN	الله العظيم.	الله العظيم.
6955	corpus-6-dev	TUN	تبع لافتة التاكسي.	تبع لافتة التاكسي.
6989	corpus-6-dev	TUN	إيه، عندنا منو في الأكحل وفي المارون.	ايه، عندنا منه في الاكحل وفي المارون.
6998	corpus-6-dev	TUN	يعيشك أعطيني حاجة تداوي الشفايف. تشققو من لهواء البارد.	يعيشك اعطيني حاجة تداوي الشفايف. تشققوا من الهواء البارد.
7002	corpus-6-dev	TUN	فما اختصاصات محلية؟	فما اختصاصات محلية؟
7065	corpus-6-dev	TUN	أنا نلوج على دبشي.	انا نلوج على دبشي.
7087	corpus-6-dev	TUN	نحب ليموناضة، يعيشك.	نحب ليموناضة، يعيشك.
7096	corpus-6-dev	TUN	يتعلمو بحماس آخر صيحات الموضة من التلفزة ومن المجلات.	يتعلموا بحماس آخر صيحات الموضة من التلفزة ومن المجلات.
7115	corpus-6-dev	TUN	واحد ملخارج إقترح عليا ياخولي تصويرة، أعطيتو مصورتي ياخي هرب بيها.	واحد مالخارج اقترح علي ياخو لي تصويرة، اعطيته مصورتي ياخي هرب بيها.
7143	corpus-6-dev	TUN	عندنا الوقت باش نزورو المعرض من داخل؟	عندنا الوقت باش نزوروا المعرض من داخل؟
7171	corpus-6-dev	TUN	تنجم تعملو بتلاثين جنيه؟	تنجم تعمله بثلاثين جنيه؟
7189	corpus-6-dev	TUN	يلزمنا نستناو مدة طويلة برشا؟ يعيشك على كل حال.	يلزمنا نستناوا مدة طويلة برشا؟ يعيشك على كل حال.
7207	corpus-6-dev	TUN	حاجة عظيمة إذا يعرفوا برشا عل اليابان.	حاجة عظيمة اذا يعرفوا برشا على اليابان.
7235	corpus-6-dev	TUN	نلوج على هدية تذكارية لواحد من أصحابي.	نلوج على هدية تذكارية لواحد من اصحابي.
7243	corpus-6-dev	TUN	نحب ناخو كار متاع سياحة.	نحب ناخو كار متاع سياحة.
7244	corpus-6-dev	TUN	نحب نكري زوز بساكل، يعيشك.	نحب نكري زوز بساكل، يعيشك.
7251	corpus-6-dev	TUN	يعيشك أعطيني هذاك. كيفاش تسمي هذا؟	يعيشك اعطيني هاذاك. كيفاش تسمي هذا؟
7297	corpus-6-dev	TUN	تنجم تلغي الحجز متاعي؟	تنجم تلغي الحجز متاعي؟
7301	corpus-6-dev	TUN	إنت في حالة إرهاق متقدمة.	انت في حالة ارهاق متقدمة.
7333	corpus-6-dev	TUN	وين نجم نلقى ميناجار الماكلة؟	وين ننجم نلقى ميناجار الماكلة؟
7384	corpus-6-dev	TUN	نحب نعمل جولة وين نجم نتعلم البستنة.	نحب نعمل جولة وين ننجم نتعلم البستنة.
7407	corpus-6-dev	TUN	يعيشك كولو مع السوس هاذي.	يعيشك كوله مع السوس هاذي.
7423	corpus-6-dev	TUN	سامحني. ما لقيتش مصورتي.	سامحني. ما لقيتش مصورتي.
7489	corpus-6-dev	TUN	برمانونت خفيف، يعيشك.	بيرمنون خفيف، يعيشك.
7515	corpus-6-dev	TUN	حاجة باهية برشا منك في تجي وقتلي إنت مشغول برشا.	حاجة باهية برشا منك في تجي وقتلي انت مشغول برشا.
7518	corpus-6-dev	TUN	جدي جاتو أزمة قلبية البارح في الليل.	جدي جاته ازمة قلبية البارح في الليل.
7524	corpus-6-dev	TUN	في أنا ساعة نجمو نتعشاو؟	في انى ساعة ننجموا نتعشاوا؟
7528	corpus-6-dev	TUN	أحوال الطقس موش مؤكدة. يعيشك أربط أحزمتك، يعيشك.	احوال الطقس موش مؤكدة. يعيشك اربط احزمتك، يعيشك.
7532	corpus-6-dev	TUN	وجهتي هي طوكيو.	وجهتي هي طوكيو.
7535	corpus-6-dev	TUN	إيه، أنا سايح.	ايه، انا سايح.
7543	corpus-6-dev	TUN	وين نجم نلقى صيكان جلد؟	وين ننجم نلقى سيكان جلد؟
7545	corpus-6-dev	TUN	"نحب ""الحوت والشيبس""، يعيشك."	"نحب ""الحوت والشيبس""، يعيشك."
7552	corpus-6-dev	TUN	لا، ما ريت حتى حد داير بيا.	لا، ما ريت حتى حد داير بي.
7564	corpus-6-dev	TUN	هو آخر واحد يحكي الأكاذيب.	هو آخر واحد يحكي الاكاذيب.
7585	corpus-6-dev	TUN	تعرف ديسكوتاك ينجمو يمشيوولها البنات الشابات بكل أمان؟	تعرف ديسكوتاك ينجموا يمشيوا لها البنات الشابات بكل امان؟
7595	corpus-6-dev	TUN	نحب راديو- فياقة، يعيشك.	نحب راديو  فياقة، يعيشك.
7600	corpus-6-dev	TUN	تقريب شهر، موسيو.	تقريب شهر، موسيو.
7670	corpus-6-dev	TUN	أنا متشوق باش نعاود نشوفك.	انا متشوق باش نعاود نشوفك.
7717	corpus-6-dev	TUN	نحب صابون.	نحب صابون.
7723	corpus-6-dev	TUN	تنجم توريني حوايج متاع صغار، يعيشك.	تنجم توريني حوايج متاع صغار، يعيشك.
7743	corpus-6-dev	TUN	مازلت ما نعرفش عنواني. أما ناوي نقعد في أوتيل في سان فرانسيسكو.	ما زلت ما نعرفش عنواني. اما ناوي نقعد في اوتيل في سان فرانسيسكو.
7777	corpus-6-dev	TUN	تنجم تكتب عنوانك هنا؟	تنجم تكتب عنوانك هنا؟
7801	corpus-6-dev	TUN	أكيد. لأنا ساعة تحب تحجز؟ قداش من عبد؟	اكيد. لانى ساعة تحب تحجز؟ قداش من عبد؟
7802	corpus-6-dev	TUN	يلزمك تشد يسارك.	يلزمك تشد يسارك.
7817	corpus-6-dev	TUN	نحب نستدعاك للفطور.	نحب نستدعاك للفطور.
7882	corpus-6-dev	TUN	وين موجود باب الطلوع لرحلة جابان آر لاينز ميتين وأربعطاش؟	وين موجود باب الطلوع لرحلة جابان آر لاينز ميتين واربعتعش؟
7938	corpus-6-dev	TUN	تحت الكرسي، قدامك.	تحت الكرسي، قدامك.
7978	corpus-6-dev	TUN	جنينة الحيوانات هي على بعد تلاثا شوارع من هوني.	جنينة الحيوانات هي على بعد ثلاثة شوارع من هوني.
7993	corpus-6-dev	TUN	خوذ بلاصة.	خوذ بلاصة.
7994	corpus-6-dev	TUN	منين نجم نشري تسكرة لماتش بايزبول؟	منين ننجم نشري تسكرة لماتش بيزبول؟
8014	corpus-6-dev	TUN	نحب بلاصة في مقصورة.	نحب بلاصة في مقصورة.
8023	corpus-6-dev	TUN	ومن بعد؟	ومن بعد؟
8044	corpus-6-dev	TUN	أكيد. هذوما زوز فاليجات وصاك واحد، يعيشك إستحفظ بالتسكرة هاذي، يعيشك.	اكيد. هذوما زوز فاليجات وساك واحد، يعيشك استحفظ بالتسكرة هاذي، يعيشك.
8054	corpus-6-dev	TUN	ياخي ممكن نمشي نغوص بعد -نص النهار اليوم؟	ياخي ممكن نمشي نغوص بعد  نص النهار اليوم؟
8077	corpus-6-dev	TUN	إذا تحبو، تنجم توصي فطور صباح إنقليزي كزيادة.	اذا تحبوا، تنجم توصي فطور صباح انقليزي كزيادة.
8107	corpus-6-dev	TUN	هذا الهدف لول من الموسم.	هذا الهدف الاول من الموسم.
8112	corpus-6-dev	TUN	نمشيو نتسوقو.	نمشيوا نتسوقوا.
8126	corpus-6-dev	TUN	باش نكري النوع هاذا، معاه السيقورطة متع الكرهبة.	باش نكري النوع هاذا، معاه السيقورطة متاع الكرهبة.
8185	corpus-6-dev	TUN	سامحني برشا.	سامحني برشا.
8208	corpus-6-dev	TUN	قداش ياخي هذا يكلف لسياتل؟	قداش ياخي هذا يكلف لسياتل؟
8216	corpus-6-dev	TUN	بتعريفة كاملة، يعيشك.	بتعريفة كاملة، يعيشك.
8223	corpus-6-dev	TUN	بيتي تطل على نهج صاخب.	بيتي تطل على نهج صاخب.
8257	corpus-6-dev	TUN	يلزم يرجع مع لربعا متاع العشية اليوم بعد -نص النهار.	يلزم يرجع مع الاربعة متاع العشية اليوم بعد  نص النهار.
8263	corpus-6-dev	TUN	يعيشك أكتب تصريح بضياع دبشي.	يعيشك اكتب تصريح بضياع دبشي.
8297	corpus-6-dev	TUN	ما نظنش إنو هذا يواتيني.	ما نظنش انه هذا يواتيني.
8309	corpus-6-dev	TUN	كيانتي، يعيشك.	كيانتي، يعيشك.
8313	corpus-6-dev	TUN	نحب عصير عنب.	نحب عصير عنب.
8364	corpus-6-dev	TUN	فما بلاصة باهية للزيارة في تلاثا سوايع؟	فما بلاصة باهية للزيارة في ثلاثة سوايع؟
8365	corpus-6-dev	TUN	وين موجود استلام الدبش بالنسبة لرحلة خطوط يونايتد ثمانيا ميا وواحد؟	وين موجود استلام الدبش بالنسبة لرحلة خطوط يونايتد ثمانيمية وواحد؟
8385	corpus-6-dev	TUN	يعيشك خليني نفكر لحظة.	يعيشك خليني نفكر لحظة.
8391	corpus-6-dev	TUN	فما حظر-تجول؟	فما حظر  تجول؟
8395	corpus-6-dev	TUN	نجم ناخو بلايص في الصف لول توا، ولا يلزمني نستنى العرض الجاي؟	ننجم ناخو بلايص في الصف الاول توا، ولا يلزمني نستنى العرض الجاي؟
8401	corpus-6-dev	TUN	سنتي هاذي توجع فيا.	سنتي هاذي توجع في.
8447	corpus-6-dev	TUN	عندي حموريا. شنيا البوماضة النافعة أكثر؟	عندي حمورية. شنيا البوماضة النافعة اكثر؟
8460	corpus-6-dev	TUN	أحلام سعيدة.	احلام سعيدة.
8468	corpus-6-dev	TUN	نحب حاجة ضد وجايع الراس.	نحب حاجة ضد وجايع الراس.
8482	corpus-6-dev	TUN	ما عندي كان خمسين دولار عليا.	ما عندي كان خمسين دولار علي.
8486	corpus-6-dev	TUN	يعيشك. نتشرف.	يعيشك. نتشرف.
8488	corpus-6-dev	TUN	نحب بلايص رخاص، إذا ممكن.	نحب بلايص رخاص، اذا ممكن.
8489	corpus-6-dev	TUN	الموني، يعيشك.	المينو، يعيشك.
8508	corpus-6-dev	TUN	أوه، نعرف. هاذي غلطتي. سامحني.	اوه، نعرف. هاذي غلطتي. سامحني.
8512	corpus-6-dev	TUN	إيه، هذا باش يجي.	ايه، هذا باش يجي.
8514	corpus-6-dev	TUN	نصبح راقدة لوقت مؤخر نهار لحد.	نصبح راقدة لوقت مؤخر نهار الاحد.
8523	corpus-6-dev	TUN	قداش من نهار لطوكيو؟	قداش من نهار لطوكيو؟
8546	corpus-6-dev	TUN	شنيا لفلام المعروضين توا؟	شنيا الافلام المعروضين توا؟
8552	corpus-6-dev	TUN	إيه، هذا باهي. تو نشوفوك مع الستا ونص متاع الصباح.	ايه، هذا باهي. تو نشوفوك مع الستة ونص متاع الصباح.
8554	corpus-6-dev	TUN	إيه. هاذي البيت ميتين وأربعا وتلاثين. مرتي مريضة برشا.	ايه. هاذي البيت ميتين واربعة وثلاثين. مرتي مريضة برشا.
8555	corpus-6-dev	TUN	عندك سبتة مواتية؟	عندك سبتة مواتية؟
8578	corpus-6-dev	TUN	من غير سكر، الكريما أكاهو.	من غير سكر، الكريما اكاهو.
8684	corpus-6-dev	TUN	إيه، باش نعملو. أما قداش هذا يكلف؟	ايه، باش نعمله. اما قداش هذا يكلف؟
8702	corpus-6-dev	TUN	أنا من الولايات المتحدة.	انا من الولايات المتحدة.
8798	corpus-6-dev	TUN	أناهي المقازان متاعك المفضلة؟	اناهي المغازان متاعك المفضلة؟
8810	corpus-6-dev	TUN	كنت نظن في الجمعة لولا متاع فيفري. يلزمني نعمل زاد الحجوزات.	كنت نظن في الجمعة الاولى متاع فيفري. يلزمني نعمل زاد الحجوزات.
8815	corpus-6-dev	TUN	فما برشا سلالات متاع كلاب، صحيح؟	فما برشا سلالات متاع كلاب، صحيح؟
8843	corpus-6-dev	TUN	نحب البيت الهادية برشا كيما إلي عندك.	نحب البيت الهادية برشا كيما اللي عندك.
8889	corpus-6-dev	TUN	تنجم تزيد جبن الشيدر؟	تنجم تزيد جبن الشيدر؟
8898	corpus-6-dev	TUN	طلبتك بركا باش نشكرك على معاونتك وقت إقامتي في الولايات المتحدة.	طلبتك بركا باش نشكرك على معاونتك وقت اقامتي في الولايات المتحدة.
8934	corpus-6-dev	TUN	تحب تبعثهم بالبريد الجوي ولا البريد البري او البحري؟	تحب تبعثهم بالبريد الجوي ولا البريد البري او البحري؟
8967	corpus-6-dev	TUN	تنجم تنصحني ببلايص وين نجم نمشي ونرجع في نهار واحد؟	تنجم تنصحني ببلايص وين ننجم نمشي ونرجع في نهار واحد؟
8969	corpus-6-dev	TUN	الطريق مختلف ع لاخر إلي جبناه البارح. هذا قصة؟	الطريق مختلف عالآخر اللي جبناه البارح. هذا قصة؟
8973	corpus-6-dev	TUN	موش بالضرورة. نظن إنهم تعلمو يتعايشو بعد برشا سنين من المنافسة.	موش بالضرورة. نظن انهم تعلموا يتعايشوا بعد برشا سنين من المنافسة.
8987	corpus-6-dev	TUN	كيفاش تحب شعرك؟	كيفاش تحب شعرك؟
9001	corpus-6-dev	TUN	أنا من الولايات المتحدة.	انا من الولايات المتحدة.
9005	corpus-6-dev	TUN	نجم ناخو كسكروت صلامي- خبز الجاودار؟ نحب المايوناز زاد، يعيشك.	ننجم ناخو كسكروت صلامي  خبز الجاودار؟ نحب المايوناز زاد، يعيشك.
9017	corpus-6-dev	TUN	وين موجود المسرح؟	وين موجود المسرح؟
9019	corpus-6-dev	TUN	قصيت صبعي.	قصيت صبعي.
9032	corpus-6-dev	TUN	دوري؟	دوري؟
9055	corpus-6-dev	TUN	ياخي ممكن نتسلق جبل بماتريال خفيف برشا؟	ياخي ممكن نتسلق جبل بماتيريال خفيف برشا؟
9091	corpus-6-dev	TUN	وين نجم نتفقد الزيت؟	وين ننجم نتفقد الزيت؟
9093	corpus-6-dev	TUN	هاذي البيت تلاثا ميا وخمسا وأربعين. نحب على خدمة البيوت، يعيشك.	هاذي البيت ثلاثمية وخمسة واربعين. نحب على خدمة البيوت، يعيشك.
9173	corpus-6-dev	TUN	نجم نشوف مطوية الجولات السياحية؟	ننجم نشوف مطوية الجولات السياحية؟
9175	corpus-6-dev	TUN	هزني لوتيل فور سيزونس، يعيشك.	هزني لوتيل فور سيزنس، يعيشك.
9200	corpus-6-dev	TUN	مرتي وأنا نحبو نحلو حساب إدخار مشترك.	مرتي وانا نحبوا نحلوا حساب ادخار مشترك.
9227	corpus-6-dev	TUN	المنطقة هاذي آمنة للنسا؟	المنطقة هاذي آمنة للنسا؟
9249	corpus-6-dev	TUN	زوز كهول وطفل، يعيشك. بالمناسبة، شنيا معناها هاذي بي جي خمسطاش؟	زوز كهول وطفل، يعيشك. بالمناسبة، شنيا معناها هاذي بي جي خمستعش؟
9261	corpus-6-dev	TUN	عبيت ريزارفوار.	عبيت ريزارفوار.
9301	corpus-6-dev	TUN	تقبل الكارت متاع ايه بي سي؟	تقبل الكارت متاع ايه بي سي؟
9302	corpus-6-dev	TUN	ما نتذكرش وين خليتو.	ما نتذكرش وين خليته.
9321	corpus-6-dev	TUN	يلزمني نبعث الكوستيم هذا للتنظيف.	يلزمني نبعث الكوستوم هذا للتنظيف.
9323	corpus-6-dev	TUN	إيه. هذا مفتاح بيتي.	ايه. هذا مفتاح بيتي.
9352	corpus-6-dev	TUN	ياخي فما ملاحظة إستعمال؟	ياخي فما ملاحظة استعمال؟
9364	corpus-6-dev	TUN	قداش سوم التنبري متاع الكارت بوسطال هاذي؟	قداش سوم التنبري متاع الكارت بوسطال هاذي؟
9414	corpus-6-dev	TUN	شنيا خصوصية الموسم؟	شنيا خصوصية الموسم؟
9430	corpus-6-dev	TUN	نجم نسترجع فلوسي من هوني؟	ننجم نسترجع فلوسي من هوني؟
9461	corpus-6-dev	TUN	يعيشك قلي وين موجود كرسيا.	يعيشك قل لي وين موجود كرسي.
9491	corpus-6-dev	TUN	نحب نبقى بأقل من ميات دولار.	نحب نبقى باقل من ميات دولار.
9545	corpus-6-dev	TUN	في عطلة.	في عطلة.
9564	corpus-6-dev	TUN	لا، ما عنديش برشا وقت، حطو أكاهو.	لا، ما عنديش برشا وقت، حطه اكاهو.
9631	corpus-6-dev	TUN	طلبت ماكلة نباتية.	طلبت ماكلة نباتية.
9676	corpus-6-dev	TUN	ما نعرفش القياسات البريطانية.	ما نعرفش القياسات البريطانية.
9714	corpus-6-dev	TUN	نحب على فيلم كوداك عكسي متاع ستا وتلاثين تصويرة.	نحب على فيلم كوداك عكسي متاع ستة وثلاثين تصويرة.
9724	corpus-6-dev	TUN	نحب نبقى مدة أطول.	نحب نبقى مدة اطول.
9757	corpus-6-dev	TUN	شنيا التعريفة حسب التقريب باش نمشي لواشنطن سكوير بارك؟	شنيا التعريفة حسب التقريب باش نمشي لواشنطن سكوير بارك؟
9778	corpus-6-dev	TUN	عندي عدوى مهبلية.	عندي عدوى مهبلية.
9797	corpus-6-dev	TUN	نحب قيد خاص.	نحب قيد خاص.
9818	corpus-6-dev	TUN	تنجم تبدل هذا، يعيشك؟	تنجم تبدل هذا، يعيشك؟
9835	corpus-6-dev	TUN	نحب نسألك سؤال على النقطة نومرو تلاثا. عندي الحق نظن إنو يلزمني نخلص بالتحويل البنكي؟	نحب نسألك سؤال على النقطة نومرو ثلاثة. عندي الحق نظن انه يلزمني نخلص بالتحويل البنكي؟
9845	corpus-6-dev	TUN	سمعت إنو الباطو دمرو الإعصار.	سمعت انه الباطو دمره الاعصار.
9848	corpus-6-dev	TUN	شنيا نوع السلعة إلي تحبها؟	شنيا نوع السلعة اللي تحبها؟
9868	corpus-6-dev	TUN	يعيشك برشا برشا. كنت خدوم برشا.	يعيشك برشا برشا. كنت خدوم برشا.
9876	corpus-6-dev	TUN	خروج، يعيشك.	خروج، يعيشك.
9891	corpus-6-dev	TUN	تنجم تعطيني منوم؟	تنجم تعطيني منوم؟
9929	corpus-6-dev	TUN	نحب نشوف كنيسة الثالوث.	نحب نشوف كنيسة الثالوث.
9946	corpus-6-dev	TUN	رحلة خطوط يونايتد ثمانيا ميا وتلاثا وخمسين.	رحلة خطوط يونايتد ثمانيمية وثلاثة وخمسين.
9960	corpus-6-dev	TUN	عندك مانع إذا تحضر فطور الصباح متاعي ساعة قبل الوقت هذا؟	عندك مانع اذا تحضر فطور الصباح متاعي ساعة قبل الوقت هذا؟
9974	corpus-6-dev	TUN	تبيعو في الألكول في المقازان؟	تبيعوا في الالكول في المغازان؟
10001	corpus-6-dev	TUN	شنيا الأوراق إلى نحتاجها باش ندخل للولايات المتحدة؟	شنيا الاوراق اللي نحتاجها باش ندخل للولايات المتحدة؟
10008	corpus-6-dev	TUN	هذا باهي برشا، يعيشك.	هذا باهي برشا، يعيشك.
10015	corpus-6-dev	TUN	نحب تعملي طربوشة جديدة.	نحب تعمل لي طربوشة جديدة.
10017	corpus-6-dev	TUN	نحب أي حاجة ضد الردان.	نحب اي حاجة ضد الردان.
10018	corpus-6-dev	TUN	التسكرة هاذي متاع بلاصة لأوركاسترا. إنت في البلكون.	التسكرة هاذي متاع بلاصة الاوركسترا. انت في البلكون.
10030	corpus-6-dev	TUN	قداش نخلص باش نحط الكرهبة؟	قداش نخلص باش نحط الكرهبة؟
10046	corpus-6-dev	TUN	أوه، ما عندكش. يعيشك. هذا بالضبط إلى حبيتو.	اوه، ما عندكش. يعيشك. هذا بالضبط اللي حبيته.
10147	corpus-6-dev	TUN	يعيشك بدل لمبوبة.	يعيشك بدل الامبوبة.
10151	corpus-6-dev	TUN	إيه، تنجم. البيت حاضرة. يعيشك إكتب لقبك وإسمك هوني.	ايه، تنجم. البيت حاضرة. يعيشك اكتب لقبك واسمك هوني.
10158	corpus-6-dev	TUN	هذا موش خطير.	هذا موش خطير.
10159	corpus-6-dev	TUN	ياخي أنا نحتاج لرخصة صيد؟	ياخي انا نحتاج لرخصة صيد؟
10201	corpus-6-dev	TUN	قداش يلزمني نخلص ع الساعة؟	قداش يلزمني نخلص عالساعة؟
10206	corpus-6-dev	TUN	في أنا وقت يتعمل التسجيل؟	في انى وقت يتعمل التسجيل؟
10227	corpus-6-dev	TUN	نحب ناكل جراد البحر الفرشك.	نحب ناكل جراد البحر الفرشك.
10228	corpus-6-dev	TUN	جيب فطوري متاع الصباح مع السبعا متاع الصباح، يعيشك.	جيب فطوري متاع الصباح مع السبعة متاع الصباح، يعيشك.
10265	corpus-6-dev	TUN	باش نبعثلك التصويرة هاذي. إسمك وعنوانك، يعيشك.	باش نبعث لك التصويرة هاذي. اسمك وعنوانك، يعيشك.
10271	corpus-6-dev	TUN	باش نقرى العلوم في الجامعة.	باش نقرا العلوم في الجامعة.
10284	corpus-6-dev	TUN	سامحني على خاطر وخرت.	سامحني على خاطر وخرت.
10297	corpus-6-dev	TUN	بادي ذي بدء، يلزمني نقول إنو أنا مانيش مختص في المسألة وما نمثلش منظمة حكومية. إلي باش نشاركك فيه، هو رايا الشخصي. يعني، أنا حاضر باش نعلمك برايا.	بادي هذي بدء، يلزمني نقول انه انا مانيش مختص في المسألة وما نمثلش منظمة حكومية. اللي باش نشاركك فيه، هو رايا الشخصي. يعني، انا حاضر باش نعلمك برايا.
10299	corpus-6-dev	TUN	ضيعتهم البارح بعد- نص النهار.	ضيعتهم البارح بعد  نص النهار.
10306	corpus-6-dev	TUN	نحب نعمل تاليفون للخارج. يعيشك أوصلني بأربعا وتلاثين تلاثا وستين واحد وثمانين تلاثا وتلاثين في طوكيو.	نحب نعمل تاليفون للخارج. يعيشك اوصلني باربعة وثلاثين ثلاثة وستين واحد وثمانين ثلاثة وثلاثين في طوكيو.
10327	corpus-6-dev	TUN	مشي وجي، يعيشك.	مشي وجي، يعيشك.
10341	corpus-6-dev	TUN	قداش وقت يلزم باش نمشي على الساقين حتى سوهو؟	قداش وقت يلزم باش نمشي على الساقين حتى سوهو؟
10350	corpus-6-dev	TUN	وين أبرد برشا في الشتا، في اليابان ولا في أستراليا؟	وين ابرد برشا في الشتا، في اليابان ولا في استراليا؟
10363	corpus-6-dev	TUN	تشد في موضوع طارئ في الدقيقة لخرة.	تشد في موضوع طارئ في الدقيقة الاخرة.
10369	corpus-6-dev	TUN	ياخي هذا ميا بالميا جلد حر؟	ياخي هذا مية بالمية جلد حر؟
10414	corpus-6-dev	TUN	نجمو ناكلو طرف؟	ننجموا ناكلوا طرف؟
10442	corpus-6-dev	TUN	باش نهزك غادي.	باش نهزك غادي.
10458	corpus-6-dev	TUN	أنا متأكد إنو عطيتك تسكرة بخمسين دولار.	انا متأكد انه اعطيتك تسكرة بخمسين دولار.
10490	corpus-6-dev	TUN	أنا فرحان إنو عملتو. وصل تحياتي الحارة لعايلتك، يعيشك.	انا فرحان انه عملتوه. وصل تحياتي الحارة لعايلتك، يعيشك.
10492	corpus-6-dev	TUN	نحب، أما سامحني يلزمني بالحق نمشي. نخاطر كان نفلت التران متاعي. حبيت برشا النقاش معاك.	نحب، اما سامحني يلزمني بالحق نمشي. نخاطر كان نفلت التران متاعي. حبيت برشا النقاش معاك.
10508	corpus-6-dev	TUN	سامحني أما راني ضعت. منين الخروج؟	سامحني اما راني ضعت. منين الخروج؟
10540	corpus-6-dev	TUN	قبل، كان نهار نحتفلو فيه بجمعان الروز.	قبل، كان نهار نحتفلوا فيه بجمعان الروز.
10570	corpus-6-dev	TUN	المشي يضرني.	المشي يضرني.
10571	corpus-6-dev	TUN	فما مهرج يتبع فيا.	فما مهرج يتبع في.
10595	corpus-6-dev	TUN	شنيا إلى ملفوف في الغلاف لبيض؟	شنيا اللي ملفوف في الغلاف الابيض؟
10663	corpus-6-dev	TUN	قداش من محطة حتى للحوض متاع المائيات؟	قداش من محطة حتى للحوض متاع المائيات؟
10708	corpus-6-dev	TUN	أخزر لماركات الروج آلافر، بيف؟	اخزر لماركات الروج آلافر، بيف؟
10717	corpus-6-dev	TUN	من وقتاش ياخي هذا ولا كيما هكا؟	من وقتاش ياخي هذا ولا كيما هكا؟
10738	corpus-6-dev	TUN	سامحني. ما توقعتش إنك تجي اليوم.	سامحني. ما توقعتش انك تجي اليوم.
10742	corpus-6-dev	TUN	"سمعت إلى كلمة ""رينقيشو"" تستعمل في الغالب في اليابان. شنيا معناها؟"	"سمعت اللي كلمة ""رينغيشو"" تستعمل في الغالب في اليابان. شنيا معناها؟"
10751	corpus-6-dev	TUN	تنجم تسلم الروبا هاذي للوتيل متاعي بعد ما تنقص فيها؟	تنجم تسلم الروبة هاذي للوتيل متاعي بعد ما تنقص فيها؟
10780	corpus-6-dev	TUN	ياخي الكار هاذي تمشي لغرين بارك؟	ياخي الكار هاذي تمشي لغرين بارك؟
10814	corpus-6-dev	TUN	نحب نوصي فطور الصباح.	نحب نوصي فطور الصباح.
10896	corpus-6-dev	TUN	تنجم يعيشك تعطيني باسبور مؤقت؟	تنجم يعيشك تعطيني باسبور مؤقت؟
10929	corpus-6-dev	TUN	ياخي تعرف طبيب نسا هوني؟	ياخي تعرف طبيب نسا هوني؟
10949	corpus-6-dev	TUN	منين نجم نشري حاجات جلد بأسوام معقولة؟	منين ننجم نشري حاجات جلد باسوام معقولة؟
10970	corpus-6-dev	TUN	أكيد. فما كدس غادي، شفت؟ الذاكرة هاذي مازالت ناشطة.	اكيد. فما كدس غادي، شفت؟ الذاكرة هاذي مازالت ناشطة.
10986	corpus-6-dev	TUN	لا. بالكريمة، يعيشك.	لا. بالكريمة، يعيشك.
11005	corpus-6-dev	TUN	نحب نحجز طاولة للعشاء الليلة.	نحب نحجز طاولة للعشاء الليلة.
11023	corpus-6-dev	TUN	نحب ألكول مغير.	نحب الكول مغير.
11049	corpus-6-dev	TUN	نحب نأكد الحجز متاعي.	نحب نأكد الحجز متاعي.
11052	corpus-6-dev	TUN	قريب من كونتوار الخطوط الجوية السنغافورية غادي.	قريب من كونتوار الخطوط الجوية السنغافورية غادي.
11130	corpus-6-dev	TUN	باش تعطيني الكمبيوتر الشخصي هذا، صحيح؟	باش تعطيني الكمبيوتر الشخصي هذا، صحيح؟
11201	corpus-6-dev	TUN	عندك عينين مزيانين.	عندك عينين مزيانين.
11217	corpus-6-dev	TUN	سامحني، ياخي مشيت بين الطريق الثالث والسبعا وعشرين؟	سامحني، ياخي مشيت بين الطريق الثالث والسبعة وعشرين؟
11228	corpus-6-dev	TUN	يلزمني نمشي.	يلزمني نمشي.
11266	corpus-6-dev	TUN	أعطيني، يعيشك، أسامي رستورونات باهين.	اعطيني، يعيشك، اسامي رستورنات باهين.
11345	corpus-6-dev	TUN	أوه، هذا بالحق مزيان. هذا وتاك بالقدا.	اوه، هذا بالحق مزيان. هذا وتاك بالقدا.
11347	corpus-6-dev	TUN	شنيا وجهتك؟	شنيا وجهتك؟
11356	corpus-6-dev	TUN	نحنا البوليسيا. عندنا إذن. حل.	نحنا البوليسيا. عندنا اذن. حل.
11401	corpus-6-dev	TUN	نحب زوز تساكر لعرض الثمانيا متاع الليل.	نحب زوز تساكر لعرض الثمانية متاع الليل.
11431	corpus-6-dev	TUN	يعيشك. ياخي الطقس ديما يتبدل برشا في لندن؟	يعيشك. ياخي الطقس ديما يتبدل برشا في لندن؟
11440	corpus-6-dev	TUN	ما نحبش النوع هذا.	ما نحبش النوع هذا.
11441	corpus-6-dev	TUN	أناهو الاتجاه لبرلين؟	اناهو الاتجاه لبرلين؟
11468	corpus-6-dev	TUN	شركتي ضاعت.	شركتي ضاعت.
11519	corpus-6-dev	TUN	باش نكلم إلى يفرغ.	باش نكلم اللي يفرغ.
11555	corpus-6-dev	TUN	ياخي الرحلة هاذي باش تخرج في وقتها؟	ياخي الرحلة هاذي باش تخرج في وقتها؟
11566	corpus-6-dev	TUN	إيه، تو نتذكر هذا.	ايه، تو نتذكر هذا.
11589	corpus-6-dev	TUN	على خاطر باش نحضرو بنفس الطريقة كيما السلمون المطحون.	على خاطر باش نحضره بنفس الطريقة كيما السلمون المطحون.
11678	corpus-6-dev	TUN	نحب تفيقني بالتاليفون، يعيشك.	نحب تفيقني بالتاليفون، يعيشك.
11732	corpus-6-dev	TUN	يعيشك حطوا فالفليجة.	يعيشك حطه فالفليجة.
11770	corpus-6-dev	TUN	نجبلك حاجة تشربها؟	نجيب لك حاجة تشربها؟
11796	corpus-6-dev	TUN	بعد الاقلاع، توا نزيد نقللكم على خدمتنا ليوم. في نفس الوقت، كان فما حاجة نجمو نعملها باش تتفرهدو في سفرتكم، يعيشكم متحشموش باش تسألوا.	بعد الاقلاع، توا نزيد نقل لكم على خدمتنا اليوم. في نفس الوقت، كان فما حاجة ننجموا نعملها باش تتفرهدوا في سفرتكم، يعيشكم ما تحشموش باش تسألوا.
11810	corpus-6-dev	TUN	كل ديمة ندوبل، ناجح لمرة جاية.	كل ديما ندوبل، ناجح المرة الجاية.
11836	corpus-6-dev	TUN	بقداش نبعثو؟	بقداش نبعثه؟
11888	corpus-6-dev	TUN	شنية فالموضة توا؟	شنيا فالموضة توا؟
11911	corpus-6-dev	TUN	وقت تكمل مع بوليسية، يعيشك عاود كلمني مرة أخرى بش نجم نعطيك نوامر إليحجتك بيها.	وقت تكمل مع البوليسية، يعيشك عاود كلمني مرة اخرى باش ننجم نعطيك النوامر اللي حاجتك بيها.
11923	corpus-6-dev	TUN	حتى القداش لومنا نصحو كونتراتو؟	حتى القداش لزمنا نصحوا الكتونتراتو؟
11925	corpus-6-dev	TUN	كاس من شبلي.	كاس من شابلي.
11934	corpus-6-dev	TUN	كما لعادة.	كما العادة.
12003	corpus-6-dev	TUN	أمان بدلي ليفلوس هذي لجنيهات.	امان بدل لي الفلوس هاذي لجنيهات.
12007	corpus-6-dev	TUN	انا من اسراييل.	انا من اسرائيل.
12014	corpus-6-dev	TUN	نجمو ناخذو باي، يعيشك؟	ننجموا ناخذوا باي، يعيشك؟
12032	corpus-6-dev	TUN	نتصور لي إنت في بلاصتي.	نتصور اللي انت في بلاصتي.
12034	corpus-6-dev	TUN	بالحالة هذي ماعنديش لوقت الكفي.	بالحالة هاذي ما عنديش الوقت الكافي.
12068	corpus-6-dev	TUN	خدمت تمريناتك في دار؟	خدمت تمريناتك في الدار؟
12084	corpus-6-dev	TUN	ضربني.	ضربني.
12141	corpus-6-dev	TUN	شعملنا في نهار لربعة؟	شعملنا في نهار الاربعا؟
12149	corpus-6-dev	TUN	جيت من روسيا.	جيت من روسيا.
12203	corpus-6-dev	TUN	هذا هو فيلم يجري ياسر نجم ناحيه؟	هذا هو فيلم يجري ياسر ننجم ناحيه؟
12204	corpus-6-dev	TUN	سلطة ملفوف أبيض وسفنارية بش نهزهم، يعيشك.	سلطة ملفوف ابيض وسفنارية باش نهزهم، يعيشك.
12213	corpus-6-dev	TUN	اسفين. إما لزمنا نمشيو توا.	اسفين. اما لزمنا نمشيوا توا.
12238	corpus-6-dev	TUN	يخي تحاليل معمول بالأنجليز؟	ياخي التحاليل معمول بالانجليز؟
12251	corpus-6-dev	TUN	مش هذي سلسلة لمحدودة؟	مش هاذي السلسلة المحدودة؟
12292	corpus-6-dev	TUN	قداش الحجم بصانتي؟	قداش الحجم بالصانتي؟
12303	corpus-6-dev	TUN	ممكن تشري ربع رطل م لحام؟	ممكن تشري ربع رطل مماللحم؟
12327	corpus-6-dev	TUN	كنت نعمل كارتي وقت كنت فالمدرسة.	كنت نعمل كاراتي وقت كنت فالمدرسة.
12330	corpus-6-dev	TUN	اهة، بش يدوم قريب خمسة دقايق.	اها، باش يدوم قريب خمسة دقايق.
12369	corpus-6-dev	TUN	بش نجي سبعة بعد ضهر.	باش نجي سبعة بعد الظهر.
12387	corpus-6-dev	TUN	خسارة، ألبومات كل تحجزو. إما مازال عنا شوي .	خسارة، البومات كل تحجزوا. اما ما زال عنا شوي.
12397	corpus-6-dev	TUN	عندك دنهيل؟	عندك دنهيل؟
12407	corpus-6-dev	TUN	مزلت كي غير وصلت للمطار.	ما زلت كي غير وصلت للمطار.
12415	corpus-6-dev	TUN	تنجم تقترح عليا بلايص وين نجم نمشي ونجي في نهاري؟	تنجم تقترح علي بلايص وين ننجم نمشي ونجي في نهاري؟
12488	corpus-6-dev	TUN	نحب نشوف لبلوزة.	نحب نشوف البلوزة.
12498	corpus-6-dev	TUN	عملت غلطة. نجم نخو واحد جديد؟	عملت غلطة. ننجم ناخو واحد جديد؟
12516	corpus-6-dev	TUN	وين نلقاو لكتب لمفسرين؟	وين نلقاوا الكتب المفسرين؟
12524	corpus-6-dev	TUN	سوم العادي ب خمسة وتلاثين دولار إما ليوم، عاملين تنقيص بخمسة وعشرين بالميا لذا تطلعلك كن ستة وعشرين دولار وخمسة وعشرين سنت.	سوم العادي بخمسة وثلاثين دولار اما اليوم، عاملين تنقيص بخمسة وعشرين بالمية لذا تطلع لك كان ستة وعشرين دولار وخمسة وعشرين سنت.
12535	corpus-6-dev	TUN	نحب نلعب تنس مع شكون.	نحب نلعب تنس مع شكون.
12548	corpus-6-dev	TUN	إي. لالون هذي طلعة موضة.	اي. الالوان هاذي طلعة موضة.
12559	corpus-6-dev	TUN	تنجم تعتني طبق جديد ال هاذم؟	تنجم تعطني طبق جديد لهاذم؟
12566	corpus-6-dev	TUN	باهي مشروب واحد بارك.	باهي مشروب واحد بارك.
12569	corpus-6-dev	TUN	تنجم تجيبلي شوية شراب باهي؟	تنجم تجيب لي شوية شراب باهي؟
12574	corpus-6-dev	TUN	خايب بش تنحيه، إما مفما حتى شي نعملوه عليه.	خايب باش تنحيه، اما مفما حتى شي نعملوه عليه.
12596	corpus-6-dev	TUN	هاذاك رجل.	هاذاك رجل.
12602	corpus-6-dev	TUN	ميسالش نهز هذا معايا توا؟	ميسالش نهز هذا معاي توا؟
12607	corpus-6-dev	TUN	هذي أغلى حاجة عندي . نتمنى تعجبك.	هاذي اغلى حاجة عندي. نتمنى تعجبك.
12616	corpus-6-dev	TUN	تنجم تنصحني بمطعم قريب من هوني؟	تنجم تنصحني بمطعم قريب من هوني؟
12682	corpus-6-dev	TUN	بش تطلعلك ميا وخمسة وعشرين دولار، يا مدام.	باش تطلع لك مية وخمسة وعشرين دولار، يا مدام.
12691	corpus-6-dev	TUN	فما مطعم باهي هوني مع منظر مزيان؟	فما مطعم باهي هوني مع منظر مزيان؟
12695	corpus-6-dev	TUN	نحب نلقى خدمة عند لحاكم.	نحب نلقى خدمة عند الحاكم.
12698	corpus-6-dev	TUN	تران هذا يمشي طول السيتل؟	التران هذا يمشي طول لسياتل؟
12716	corpus-6-dev	TUN	خمسطش جويلية.	خمستعش جويلية.
12721	corpus-6-dev	TUN	وين لبلاصة لولا؟	وين البلاصة الاولى؟
12737	corpus-6-dev	TUN	عندو مجموعة باهية م ذهب.	عنده مجموعة باهية مالذهب.
12757	corpus-6-dev	TUN	وين توجع فيك؟	وين توجع فيك؟
12764	corpus-6-dev	TUN	شنية رخيص والباهي؟	شنيا الرخيص والباهي؟
12791	corpus-6-dev	TUN	بسلامة.	بالسلامة.
12838	corpus-6-dev	TUN	بقداش هما؟ تكتبلي السوم في ورقة؟	بقداش هما؟ تكتب لي السوم في ورقة؟
12855	corpus-6-dev	TUN	الكار هذي تهز الشيكاغو؟	الكار هاذي تهز لشيكاغو؟
12857	corpus-6-dev	TUN	معجبونش. أمان متحتش فيه الحوتة.	ما عجبونيش. امان ما تحطش فيه الحوتة.
12909	corpus-6-dev	TUN	باهي. هو كيني جو. شعملنا في نهار سبت مع ماضي ساعتين؟	باهي. هو كايني جو. شعملنا في نهار السبت مع ماضي ساعتين؟
12918	corpus-6-dev	TUN	اسفة، إما عن دار معبية ليلة.	آسفة، اما عننا دار معبية الليلة.
12943	corpus-6-dev	TUN	وينو فالخريطه هذي؟	وينو فالخريطة هاذي؟
12948	corpus-6-dev	TUN	عدي وقت مزيان.	عدي وقت مزيان.
12954	corpus-6-dev	TUN	بش نبداو نقربو ركاب مع لولاد. ركاب ليستحقوا لمعاونة، ولي فالدرجة لولا.	باش نبداوا نقربوا ركاب مع الاولاد. الركاب اللي يستحقوا المعاونة، واللي فالدرجة الاولى.
12957	corpus-6-dev	TUN	بالطبيعة. هاو هوني.	بالطبيعة. هاو هوني.
12962	corpus-6-dev	TUN	فمشي بلاص نشوفو فيها ديار لمشاهير؟	فماشي بلايص نشوفوا فيها ديار المشاهير؟
12974	corpus-6-dev	TUN	وجيعة سنة خايبة وصعيب ياسر بش تتحملها.	وجيعة سنة خايبة وصعيب ياسر باش تتحملها.
12992	corpus-6-dev	TUN	بش تقلي كيفاش نوصل غادي؟	باش تقول لي كيفاش نوصل غادي؟
12993	corpus-6-dev	TUN	تنجم تخو دروج نمرو واحد ولا ثنين.	تنجم تاخو دروج نمرو واحد ولا اثنين.
13003	corpus-6-dev	TUN	كيفاش نخو رخصة غوص؟	كيفاش ناخو رخصة غوص؟
13047	corpus-6-dev	TUN	نحب نخو كرهبة. هذا نومرو لحجز متاعي.	نحب ناخو كرهبة. هذا النومرو للحجز متاعي.
13057	corpus-6-dev	TUN	إنا طلبت بلاصة مفيهاش دخان. تنجم تبدلي لبلاصة؟	انا طلبت بلاصة مفيهاش دخان. تنجم تبدل لي البلاصة؟
13110	corpus-6-dev	TUN	تنجم تورني كيفاش نعمر كرة الهجرة، يعيشك؟	تنجم تورني كيفاش نعمر كرت الهجرة، يعيشك؟
13112	corpus-6-dev	TUN	وقتاش لزمنا نرجع؟	وقتاش لزمنا نرجع؟
13117	corpus-6-dev	TUN	"شنية هو ال-""أو بون""؟"	"شنيا هو ال  ""او بون""؟"
13186	corpus-6-dev	TUN	وقتاش يكمل؟	وقتاش يكمل؟
13191	corpus-6-dev	TUN	زعمة لولاد صغار ينجمو يزوروا منغير ميرفقوهم لكبار؟	زعمة الاولاد صغار ينجموا يزوروا من غير ما يرفقوهم الكبار؟
13192	corpus-6-dev	TUN	نجم نتكيف؟	ننجم نتكيف؟
13210	corpus-6-dev	TUN	نحب شوية شرايح لحم.	نحب شوية شرايح لحم.
13217	corpus-6-dev	TUN	وين باقي؟	وين باقي؟
13243	corpus-6-dev	TUN	نحب بيت متع زوز تل عل بحر. قداش نومرها؟	نحب بيت متاع زوز تطل على البحر. قداش نومرها؟
13245	corpus-6-dev	TUN	زوز ويسكي، يعيشك.	زوز ويسكي، يعيشك.
13335	corpus-6-dev	TUN	نجم نستعمل الكرهبة متع الدبش؟	ننجم نستعمل الكرهبة متاع الدبش؟
13373	corpus-6-dev	TUN	يالطيف. لازمني نكون في لوس أنجلوس نهار جمعة عصباح.	يا لطيف. لازمني نكون في لوس انجلوس نهار الجمعة عالصباح.
13395	corpus-6-dev	TUN	فهمتك شنو تقصد.	فهمتك شنو تقصد.
13415	corpus-6-dev	TUN	ياخي تبادل الاسهم في وول ستريت محلول للعباد إنرمال؟	ياخي تبادل الاسهم في وول ستريت محلول للعباد النورمال؟
13455	corpus-6-dev	TUN	نحب حاجة ب عرض كبير.	نحب حاجة بعرض كبير.
13514	corpus-6-dev	TUN	أمان ورني تسكرتك لرجعتها.	امان وريني تسكرتك اللي رجعتها.
13526	corpus-6-dev	TUN	ضيعت أجندا متاعي في كابينة تاكسيفون.	ضيعت اجندة متاعي في كابينة تاكسيفون.
13531	corpus-6-dev	TUN	تجي تفركس معايا عل ماسك؟	تجي تفركس معاي على ماسك؟
13534	corpus-6-dev	TUN	نتصور إلي خذيت هواء.	نتصور اللي خذيت هواء.
13580	corpus-6-dev	TUN	سامحني، نجم نخو تصورتك، يعيشك؟	سامحني، ننجم ناخو تصويرتك، يعيشك؟
13621	corpus-6-dev	TUN	مذبينا كان نستدعاوك عل عشا غدوة في ليل.	ماذابينا كان نستدعاوك على عشا غدوة في الليل.
13644	corpus-6-dev	TUN	نحب مقلا.	نحب مقلا.
13646	corpus-6-dev	TUN	ياخي تران هذا يتعدى على الباسو؟	ياخي التران هذا يتعدى على ال باسو؟
13718	corpus-6-dev	TUN	قداش فل جملة كان شريت تلاثة؟	قداش فالجملة كان شريت ثلاثة؟
13723	corpus-6-dev	TUN	منغير دخان، يعيشك.	من غير دخان، يعيشك.
13763	corpus-6-dev	TUN	نجم نبدل تسكر هاذم ل عرض غدوة؟	ننجم نبدل التساكر هاذم لعرض غدوة؟
13767	corpus-6-dev	TUN	نجم نسجل هوني في خطوط طيران يونايتد؟	ننجم نسجل هوني في خطوط طيران يونايتد؟
13768	corpus-6-dev	TUN	لازمنا نلبسو كبوت و كرفات لجولة ليلة؟	لازمنا نلبسو كبوت وكرفات لجولة الليلة؟
13772	corpus-6-dev	TUN	تنجم تنحي اتيكيت سوم، يعيشك؟	تنجم تنحي التكت السوم، يعيشك؟
13781	corpus-6-dev	TUN	زعمة قداش تتصور تتكلف من هوني لل مطار؟	زعمة قداش تتصور تتكلف من هوني للمطار؟
13801	corpus-6-dev	TUN	وين تصنع؟	وين تصنع؟
13823	corpus-6-dev	TUN	ماكش صيني، هكا؟	ماكش صيني، هكا؟
13851	corpus-6-dev	TUN	نجم نعرف اسمك؟	ننجم نعرف اسمك؟
13869	corpus-6-dev	TUN	يعيشك وريني تصويرة بطاقة تعريفك.	يعيشك وريني تصويرة بطاقة تعريفك.
13880	corpus-6-dev	TUN	تلميذ واحد، يعيشك.	تلميذ واحد، يعيشك.
13893	corpus-6-dev	TUN	وين نجم نعوم؟	وين ننجم نعوم؟
13898	corpus-6-dev	TUN	كونك تراقب المخزون مهم برشة ل شريكة.	كونك تراقب المخزون مهم برشا للشريكة.
13947	corpus-6-dev	TUN	سمعت لاخبار؟	سمعت الاخبار؟
13971	corpus-6-dev	TUN	تنجم توصلي دبشي لي تاكسي؟	تنجم توصل لي دبشي للتاكسي؟
14029	corpus-6-dev	TUN	شامبو، يعيشك.	شامبو، يعيشك.
14053	corpus-6-dev	TUN	فطور حاضر.	فطور حاضر.
14068	corpus-6-dev	TUN	عندك حاجات خفيفة نهزها مع الشرب؟	عندك حاجات خفيفة نهزها مع الشرب؟
14076	corpus-6-dev	TUN	نجم نحكي كان شوية انجليز.	ننجم نحكي كان شوية انجليز.
14078	corpus-6-dev	TUN	ل بحر هايج ليلة؟	البحر هايج الليلة؟
14079	corpus-6-dev	TUN	تقريب نص ساعة.	تقريب نص ساعة.
14105	corpus-6-dev	TUN	قاعدة نفركس على هدية ل طفل صغير.	قاعدة نفركس على هدية لطفل صغير.
14116	corpus-6-dev	TUN	هذا نوع إلي لزمنا نجيبوه.	هذا النوع اللي لزمنا نجيبوه.
14119	corpus-6-dev	TUN	كرهبتي ما تمشيش. نحب كرهبة تجرلي كرهبتي.	كرهبتي ما تمشيش. نحب كرهبة تجر لي كرهبتي.
14123	corpus-6-dev	TUN	نحب تصويرة كتاب، يعيشك.	نحب تصويرة كتاب، يعيشك.
14217	corpus-6-dev	TUN	يعيشك استعمله ك صندرية.	يعيشك استعمله كصندرية.
14228	corpus-6-dev	TUN	بش تحظر في المدرسة؟	باش تحضر في المدرسة؟
14244	corpus-6-dev	TUN	دور على ليمين في زقاق اثاني توا تلقى وحدة.	دور على اليمين في الزقاق الثاني توا تلقى واحدة.
14282	corpus-6-dev	TUN	امشي على ليمين بعد متخرج من باب الدار.	امشي على اليمين بعد ما تخرج من باب الدار.
14350	corpus-6-dev	TUN	موش مشكل. عنا برشة وقت.	موش مشكل. عنا برشا وقت.
14361	corpus-6-dev	TUN	أماه ال معروف أكثر؟	اماهو المعروف اكثر؟
14387	corpus-6-dev	TUN	صار بين شايرينغ جروس و غرين بارك.	صار بين شايرينغ جروس وغرين بارك.
14430	corpus-6-dev	TUN	شوية غلة، يعيشك.	شوية غلة، يعيشك.
14472	corpus-6-dev	TUN	تلعب رياضة؟	تلعب رياضة؟
14482	corpus-6-dev	TUN	نجمو نمشيو على سقينا؟ ولا بعيدة برشة بل مشيي؟	ننجموا نمشيوا على ساقينا؟ ولا بعيدة برشا بالمشيي؟
14517	corpus-6-dev	TUN	عندي حفلة ليلة. لذا، اعملي شعري، يعيشك.	عندي حفلة الليلة. لذا، اعمل لي شعري، يعيشك.
14521	corpus-6-dev	TUN	كيفاش تنطق إسم لبلاصة هذي؟	كيفاش تنطق اسم البلاصة هاذي؟
14525	corpus-6-dev	TUN	قداش ميزانية الإشهار متاعك؟	قداش ميزانية الاشهار متاعك؟
14551	corpus-6-dev	TUN	نحب على بلاصة وين نجم ناكل في كوجينة محلية.	نحب على بلاصة وين ننجم ناكل في كوجينة محلية.
14561	corpus-6-dev	TUN	نحب نرحل في أقرب وقت. فما طيارة بكري؟	نحب نرحل في اقرب وقت. فما طيارة بكري؟
14562	corpus-6-dev	TUN	يعيشك على نصايح لكل. ياسر محلاك.	يعيشك على النصايح الكل. ياسر ما احلاك.
14570	corpus-6-dev	TUN	نحب على تولى قريبة لشباك.	نحب على طاولة قريبة للشباك.
14616	corpus-6-dev	TUN	نحب نرجع للوتيل بش نلوج على مصورتي.	نحب نرجع للوتيل باش نلوج على مصورتي.
14623	corpus-6-dev	TUN	نحب نعمل مكالمة محطة ل-محطة في طوكيو، يعيشك.	نحب نعمل مكالمة محطة ل محطة في طوكيو، يعيشك.
14648	corpus-6-dev	TUN	أماهو جنجفرو؟	اماهو جنجفرو؟
14650	corpus-6-dev	TUN	تنجم تحضروا في نص ساعة؟	تنجم تحضره في نص ساعة؟
14674	corpus-6-dev	TUN	إي، جبت عروسة لعبة يابانية لصاحبي.	اي، جبت عروسة لعبة يابانية لصاحبي.
14707	corpus-6-dev	TUN	أعاصير. تسببت برشة في ضرب اليابان.	اعاصير. تسببت برشا في ضرب اليابان.
14717	corpus-6-dev	TUN	نحب نسخة من لي رايدرز الف تسعة مية وأربعة و أربعين موديل مية وواحد.	نحب نسخة من لي رايدرز الف وتسعمية واربعة واربعين موديل مية وواحد.
14731	corpus-6-dev	TUN	أي، أما يعيشك متخليهمش يمشيو في نهاية عميقة ولا حتى فل جاكوزي.	اي، اما يعيشك ما تخليهمش يمشيوا في نهاية عميقة ولا حتى فالجاكوزي.
14747	corpus-6-dev	TUN	فنا وقت تحل؟	فنا وقت تحل؟
14749	corpus-6-dev	TUN	فما واحد ورى الهول.	فما واحد ورا الهول.
14775	corpus-6-dev	TUN	انا سجيتا فيل بيت تلثين عشرين. مازلت كيف شفتها، أما متصورتهاش صغيرة. نجم نبدل لبيوت؟	انا سوغيتا في البيت ثلاثين عشرين. ما زلت كيف شفتها، اما ما تصورتهاش صغيرة. ننجم نبدل البيوت؟
14860	corpus-6-dev	TUN	قداش كبرو؟	قداش كبره؟
14897	corpus-6-dev	TUN	قداش بش تبقى في نيو يورك؟	قداش باش تبقى في نيو يورك؟
14921	corpus-6-dev	TUN	صورلي خريطة، يعيشك.	صور لي خريطة، يعيشك.
14958	corpus-6-dev	TUN	عندي القبض خمسة أيام.	عندي القبض خمسة ايام.
14964	corpus-6-dev	TUN	تسلفني حبل لعبة؟	تسلفني حبل لعبة؟
14975	corpus-6-dev	TUN	تبعثهملي بل مايل؟	تبعثهم لي بالميل؟
14984	corpus-6-dev	TUN	نجم ناخو شوية خرذل؟	ننجم ناخو شوية خرذل؟
14987	corpus-6-dev	TUN	انا وقت نسافر البرا ندخل بعثي، و نولي نصرف فالفلوس ايمين و ايسار.	انى وقت نسافر البرا ندخل بعثي، ونولي نصرف فالفلوس يمين ويسار.
15005	corpus-6-dev	TUN	تنجم تعطيني زوز اتذكر لميسربله السبعة جوان؟	تنجم تعطيني زوز تساكر ليميسيرابل السبعة جوان؟
15011	corpus-6-dev	TUN	نحب حافظا متع ماكلة.	نحب حافظة متاع ماكلة.
15014	corpus-6-dev	TUN	باهي برشة، شكرا، وانتي؟	باهي برشا، شكرا، وانتي؟
15043	corpus-6-dev	TUN	فما فرجيدار مليانة بالقازوز في إخر الكميون.	فما فريجيدار مليانة بالقازوز في اخر الكميون.
15058	corpus-6-dev	TUN	بالحق؟ مفيباليش.	بالحق؟ ما في باليش.
15063	corpus-6-dev	TUN	شنوة نوع دمك؟	شنوا نوع دمك؟
15075	corpus-6-dev	TUN	ياخي شارع هدسون في المحطة ثالثة؟	ياخي شارع هدسون في المحطة الثالثة؟
15081	corpus-6-dev	TUN	خوذلنة تصويرا، يعيشك .	خوذ لنا تصويرة، يعيشك.
15101	corpus-6-dev	TUN	مزلت متفكر نومرو إشيكات متاعك؟	ما زلت متفكر نومرو الشيكات متاعك؟
15148	corpus-6-dev	TUN	وقتاش و وين نجم نخوه؟	وقتاش ووين ننجم ناخوه؟
15169	corpus-6-dev	TUN	يعيشكم ريقلو كراسيكم على لوضع اليميني الأفقي .	يعيشكم ريقلوا كراسيكم على الوضع اليميني الافقي.
15173	corpus-6-dev	TUN	سامحني خاطر قلقتك. نجم ناخو القلم لحمر؟	سامحني خاطر قلقتك. ننجم ناخو القلم الاحمر؟
15196	corpus-6-dev	TUN	تنجم تجيب تاكسي؟	تنجم تجيب تاكسي؟
15239	corpus-6-dev	TUN	توا نرجع.	توا نرجع.
15258	corpus-6-dev	TUN	باش ندفع بالضمان متاعي.	باش ندفع بالضمان متاعي.
15300	corpus-6-dev	TUN	عينيي متقرحين.	عينيي متقرحين.
15308	corpus-6-dev	TUN	شكرا كيما هيا أما لزمني نمشي.	شكرا كيما هي اما لزمني نمشي.
15336	corpus-6-dev	TUN	نتصور إلي فما غلطة فل فاتورة. تنجم تثبت، يعيشك؟	نتصور اللي فما غلطة فالفاتورة. تنجم تثبت، يعيشك؟
15349	corpus-6-dev	TUN	شنية نوعية ال برفان إلي تحبها؟	شنيا نوعية البرفان اللي تحبها؟
15353	corpus-6-dev	TUN	نحب نهبط في شارع. بول.	نحب نهبط في شارع  بول.
15360	corpus-6-dev	TUN	معرفتش أماهو إلي نحطو.	ما عرفتش اماهو اللي نحطه.
15363	corpus-6-dev	TUN	إنت هوني. هذا أشهر واحد.	انت هوني. هذا اشهر واحد.
15386	corpus-6-dev	TUN	عيشك حت حزام ال أمان ال خاص بيك و ثبت فالعلامة إلي فيها متتكيفش حتى لين معتش تشعيل.	يعيشك حط حزام الامان الخاص بيك وثبت فالعلامة اللي فيها ما تتكيفش حتى لين ما عتش تشعل.
15421	corpus-6-dev	TUN	عندي وجيعة ضربان في كرشي.	عندي وجيعة ضربان في كرشي.
15427	corpus-6-dev	TUN	عظمة مقلية و جهة اطيبة منفوق، عيشك.	عظمة مقلية وجها الطايب من فوق، يعيشك.
15434	corpus-6-dev	TUN	حتى واحد منسميه يسكن هوني.	حتى واحد مانسميه يسكن هوني.
15460	corpus-6-dev	TUN	انجم نخو إتسكر ال زوز اصغار ال عرض كاتس؟	ننجم ناخو تساكر لزوز صغار لعرض كاتس؟
15474	corpus-6-dev	TUN	ال قطة ازرك هي فرقة ربعيا قديمة.	القطة الازرق هي فرقة ربعية قديمة.
15488	corpus-6-dev	TUN	ياخي ال مجوهرات منخلسوش عليهم ضريبة؟	ياخي المجوهرات ما نخلصوش عليهم ضريبة؟
15527	corpus-6-dev	TUN	بلاصة موش محجوزة، عيشك.	بلاصة موش محجوزة، يعيشك.
15538	corpus-6-dev	TUN	حديقة إل حيونات إمسكرة؟	حديقة الحيونات مسكرة؟
15550	corpus-6-dev	TUN	انحب نحجز قمرة في تراين.	نحب نحجز قمرة في تراين.
15594	corpus-6-dev	TUN	انحب نحجز في الخطوط الجوية اليابانية في عشرين مارس.	نحب نحجز في الخطوط الجوية اليابانية في عشرين مارس.
15630	corpus-6-dev	TUN	اترين يخرج من كنغعس كروس.	اترين يخرج من كنغعس كروس.
15658	corpus-6-dev	TUN	عندكش حاجة تتاكل؟	عندكش حاجة تتاكل؟
15678	corpus-6-dev	TUN	انحب إتفاح، لكن إليوم انحب العنب.	نحب التفاح، لكن اليوم نحب العنب.
15729	corpus-6-dev	TUN	أي. اه، انجم إنخلص بالكارتة.	اي. آه، ننجم نخلص بالكارتة.
15767	corpus-6-dev	TUN	إشنوة انواع امتع جلد إلي مسنوع منو اسك؟	شنوا انواع امتع جلد اللي مصنوع منه الساك؟
15795	corpus-6-dev	TUN	عندك ترنفسات؟	عندك ترنفسات؟
15807	corpus-6-dev	TUN	شوية ديسار؟	شوية ديسار؟
15873	corpus-6-dev	TUN	نحب فاتورة وحدة ب خمسين دولار و خمسة فاتورة ب عشرة دولارات، يعيشك.	نحب فاتورة واحدة بخمسين دولار وخمسة فاتورة بعشرة دولارات، يعيشك.
15907	corpus-6-dev	TUN	نفركس على مريول متع بنية عمرها عشرة سنين؟	نفركس على مريول متاع بنية عمرها عشرة سنين؟
15916	corpus-6-dev	TUN	علق لحظة، يعيشك.	علق لحظة، يعيشك.
15933	corpus-6-dev	TUN	قداش سوم كار ال بوسطن؟	قداش سوم كار لبوسطن؟
15949	corpus-6-dev	TUN	بش تنصحني بش نشوف أكثر من أي حاجة أخرى في كيوتو؟	باش تنصحني باش نشوف اكثر من اي حاجة اخرى في كيوتو؟
15951	corpus-6-dev	TUN	فين تخدم؟	فين تخدم؟
15978	corpus-6-dev	TUN	عنيف؟	عنيف؟
15990	corpus-6-dev	TUN	مرسي. برسمي نقدر تفكيرك.	مرسي. بالرسمي نقدر تفكيرك.
16037	corpus-6-dev	TUN	عندك طوابع؟	عندك طوابع؟
16041	corpus-6-dev	TUN	وقتاش أول واحد؟	وقتاش اول واحد؟
16100	corpus-6-dev	TUN	قيد كل شي، يعيشك.	قيد كل شي، يعيشك.
16101	corpus-6-dev	TUN	اعطينا طاولة باهية قريبة لل منصة، يعيشك.	اعطينا طاولة باهية قريبة للمنصة، يعيشك.
16107	corpus-6-dev	TUN	كان بش تمشي تتكيف، امشي ال بالكون أربعين ل خمسين.	كان باش تمشي تتكيف، امشي لبالكون اربعين لخمسين.
16122	corpus-6-dev	TUN	في طابق خامس.	في الطابق الخامس.
16123	corpus-6-dev	TUN	وين لازمني نقيدو؟	وين لازمني نقيده؟
16144	corpus-6-dev	TUN	نحب نمشي ل أقرب محطة كار.	نحب نمشي لاقرب محطة كار.
16171	corpus-6-dev	TUN	نحب نبدل لفول متاعي لنهار تسعة أكتوبر.	نحب نبدل الفول متاعي لنهار تسعة اكتوبر.
16186	corpus-6-dev	TUN	أما طبق؟	امى طابق؟
16203	corpus-6-dev	TUN	تنجم توريني حاجة تثبت هويتك؟	تنجم توريني حاجة تثبت هويتك؟
16204	corpus-6-dev	TUN	فصيلة دمي هي ايه.	فصيلة دمي هي ايه.
16228	corpus-6-dev	TUN	أون شاك فياج، باهي؟	اون شاك فياج، باهي؟
16245	corpus-6-dev	TUN	بطبيعة. عندي نسوق فل بلاصة هذي أكثر من عشرة سنة.	بالطبيعة. عندي نسوق فالبلاصة هاذي اكثر من عشرة سنة.
16253	corpus-6-dev	TUN	مفتاحي يعيشك. بيت تلاثة أربعين واحد.	مفتاحي يعيشك. بيت ثلاثة اربعين واحد.
16262	corpus-6-dev	TUN	يعيشك بدل ل فلوس ل دولار.	يعيشك بدل الفلوس لدولار.
16263	corpus-6-dev	TUN	خذيت ماء و جلاس.	خذيت ماء وغلاس.
16297	corpus-6-dev	TUN	لازمك تاخو شوية دوا معدة.	لازمك تاخو شوية دوا معدة.
16325	corpus-6-dev	TUN	منين ناخو ليموزين ل وتيل هيلتون؟	منين ناخو ليموزين لوتيل هيلتون؟
16330	corpus-6-dev	TUN	تنجم تبعثلي لحاجات لخليتهم غادي؟	تنجم تبعث لي الحاجات اللي خليتهم غادي؟
16357	corpus-6-dev	TUN	فما كار تهز من هوليداي اين؟	فما كار تهز من هوليداي اين؟
16367	corpus-6-dev	TUN	يعيشك. نجمت تعمل سلاطة؟	يعيشك. نجمت تعمل سلاطة؟
16392	corpus-6-dev	TUN	زوز تساكر لل ليلة، يعيشك.	زوز تساكر لليلة، يعيشك.
16440	corpus-6-dev	TUN	نحب دوا ال حرقان جلدة.	نحب دوا لحرقان الجلدة.
16442	corpus-6-dev	TUN	نحب نرزرفي ل سبعة.	نحب نرزرفي للسبعة.
16459	corpus-6-dev	TUN	صاحبي طاح من حدرة.	صاحبي طاح من حدرة.
16461	corpus-6-dev	TUN	قداش سوم تليفون لل يابان؟	قداش سوم تليفون لليابان؟
16475	corpus-6-dev	TUN	نحب نسيرج صبابتي.	نحب نسيرج صبابتي.
16485	corpus-6-dev	TUN	ضيعت ساك يدي ندرا فين.	ضيعت ساك يدي ندري فين.
16544	corpus-6-dev	TUN	تبيع كرتوشة ل ستيلو حبار؟	تبيع كرتوشة لستيلو حبار؟
16563	corpus-6-dev	TUN	خذينا ميترو، أما م لول لازم جوتونات.	خذينا ميترو، اما مالاول لازم جوتونات.
16584	corpus-6-dev	TUN	وين لبقعة هذي؟	وين البقعة هاذي؟
16595	corpus-6-dev	TUN	مالا، امشي مع كلوار لخضر.	مالا، امشي مع الكلوار الاخضر.
16610	corpus-6-dev	TUN	نجم ناخو طلباتك، سيدي؟	ننجم ناخو طلباتك، سيدي؟
16624	corpus-6-dev	TUN	تعرفشي وقتاش يتعمل؟	تعرفشي وقتاش يتعمل؟
16632	corpus-6-dev	TUN	وين تعمل فل أصل، وقداش عندو اكاكا؟	وين تعمل فالاصل، وقداش عنده هكاكا؟
16663	corpus-6-dev	TUN	تنجم ثبتوا فل وتيل ل كبير، يعيشك.	تنجم تثبته فالوتيل الكبير، يعيشك.
16687	corpus-6-dev	TUN	عبي الكرهبة وقت تجي ترجعها.	عبي الكرهبة وقت تجي ترجعها.
16692	corpus-6-dev	TUN	نحب نعمل عشا بأربعين دولار للعبد الواحد.	نحب نعمل عشا باربعين دولار للعبد الواحد.
16714	corpus-6-dev	TUN	احنا نستعملو لعواد متع الماكلة بش ناكلو.	احنا نستعملوا العواد متاع الماكلة باش ناكلوا.
16740	corpus-6-dev	TUN	قالو إلي احنا هنا على خاطر اثلج.	قالوا اللي احنا هنا على خاطر الثلج.
16763	corpus-6-dev	TUN	يعيشك تفكدلي كرهبتي.	يعيشك تفقد لي كرهبتي.
16768	corpus-6-dev	TUN	تعرفش مطاعم احلو في الليل؟	تعرفش مطاعم يحلوا في الليل؟
16802	corpus-6-dev	TUN	يعيشك قللها تكلمني وقت إلي تدخل.	يعيشك قول لها تكلمني وقت اللي تدخل.
16806	corpus-6-dev	TUN	وقتاش نخلطو لشستر؟	وقتاش نخلطوا لشستر؟
16830	corpus-6-dev	TUN	تعديت المحطة متاعي.	تعديت المحطة متاعي.
16858	corpus-6-dev	TUN	الحانوت الشامل هاذا عندو أحسن سلعة فالبلاد. أنا متأكد إلي باش تلقى عندو الزربية إلي حاجتك بها .	الحانوت الشامل هاذا عنده احسن سلعة فالبلاد. انا متأكد اللي باش تلقى عنده الزربية اللي حاجتك بها.
16859	corpus-6-dev	TUN	نحبها لبلاصة هاذي عندي برشى نحب نجي نشوفها.	نحبها البلاصة هاذي عندي برشا نحب نجي نشوفها.
16863	corpus-6-dev	TUN	نحب على كرسي على الحاشية و قريب من خروج النجدة.	نحب على كرسي على الحاشية وقريب من خروج النجدة.
16866	corpus-6-dev	TUN	باهي، شنية تحب تصرف؟	باهي، شنيا تحب تصرف؟
16870	corpus-6-dev	TUN	ماكلتنا مازلت ما جاتش.	ماكلتنا ما زلت ما جاتش.
16886	corpus-6-dev	TUN	برشة صغار يقراو في تحضيري باش يدخلوا ل مدارس و جوامع باهية.	برشا صغار يقراوا في تحضيري باش يدخلوا لمدارس وجوامع باهية.
16915	corpus-6-dev	TUN	بطبيعة تنجم. حلو يعيشك.	بالطبيعة تنجم. حلو يعيشك.
16945	corpus-6-dev	TUN	نحب نمشي نعوم.	نحب نمشي نعوم.
16949	corpus-6-dev	TUN	هذا شارع كينغ.	هذا شارع كينغ.
16950	corpus-6-dev	TUN	برا لل كرواسمنت اجاي.	برا للكرواسمنت الجاي.
16954	corpus-6-dev	TUN	هاذاك مغزى باهي متاع لبست نسا؟	هاذاك مغازة باهي متاع لبسة نسا؟
17002	corpus-6-dev	TUN	نجم نبدل ل بلاصت شباك؟	ننجم نبدل لبلاصة شباك؟
17013	corpus-6-dev	TUN	منستهلش شرف ال كافي.	ما نستاهلش شرف الكافي.
17026	corpus-6-dev	TUN	يعيشك إلي ستنيت. معاك أوهنو.	يعيشك اللي استنيت. معاك اوهنو.
17036	corpus-6-dev	TUN	باهي. لحظة برك. باش نبعث شكون للبيت.	باهي. لحظة برك. باش نبعث شكون للبيت.
17042	corpus-6-dev	TUN	فما بلايص لل مازلوا كيف بداو؟	فما بلايص للي مازلوا كيف بداوا؟
17054	corpus-6-dev	TUN	مسموحلي باش نخدهم معايا لبرا مل بلاد؟	مسموح لي باش ناخذهم معاي لبرا مالبلاد؟
17078	corpus-6-dev	TUN	تنجم تنعتني على طريق ل يهز ل محطة مترو؟	تنجم تنعتني على الطريق اللي يهز لمحطة المترو؟
17101	corpus-6-dev	TUN	نحب راديون.	نحب راديون.
17107	corpus-6-dev	TUN	"تساكر ""س"" كلها تباعت."	"تساكر ""س"" كلها تباعت."
17113	corpus-6-dev	TUN	نحب نبقى في أوركسترا، يعيشك.	نحب نبقى في اوركسترا، يعيشك.
17153	corpus-6-dev	TUN	إي، نتصور إلي باش نبدا ب شربة حلزون صدفي.	اي، نتصور اللي باش نبدا بشربة حلزون صدفي.
17169	corpus-6-dev	TUN	عندك حساسية؟	عندك حساسية؟
17196	corpus-6-dev	TUN	ليوم تلاث.	اليوم ثلاث.
17224	corpus-6-dev	TUN	ما استعملتش سرفيس الغسيل متاعك.	ما استعملتش سرفيس الغسيل متاعك.
17242	corpus-6-dev	TUN	طول.	طول.
17253	corpus-6-dev	TUN	نحب نحكي معك أكثر.	نحب نحكي معك اكثر.
17273	corpus-6-dev	TUN	وقتاش تبدا الأوبرا؟	وقتاش تبدا الاوبرا؟
17287	corpus-6-dev	TUN	تنجم تحجزلي بلاصة؟	تنجم تحجز لي بلاصة؟
17304	corpus-6-dev	TUN	وين بلاصتي؟	وين بلاصتي؟
17309	corpus-6-dev	TUN	إي، سيدي. هاو هوني.	اي، سيدي. هاو هوني.
17325	corpus-6-dev	TUN	أعمال باهية ال يوم، موش هكا؟	اعمال باهية اليوم، موش هكا؟
17395	corpus-6-dev	TUN	عنا حق إنصورو البنيا هذي؟	عنا حق نصوروا البنيا هاذي؟
17432	corpus-6-dev	TUN	ياخي راديو إلي يتهز هذا هدية؟	ياخي راديو اللي يتهز هذا هدية؟
17433	corpus-6-dev	TUN	في ضرف جمعة بش نرجع لليابان.	في ضرف جمعة باش نرجع لليابان.
17443	corpus-6-dev	TUN	تتباع حاجات فسفرا بطيارة إلي منخلسش أعليهم ضرايب؟	تتباع حاجات فالسفرة بالطيارة اللي ما نخلصش عليهم ضرايب؟
17458	corpus-6-dev	TUN	وين أقرب بوسطة؟	وين اقرب بوسطة؟
17459	corpus-6-dev	TUN	سامحني، ياخي إنت مسيو سميث علق؛ على مانذون؟	سامحني، ياخي انت مسيو سميث علق؛ على ما نظن؟
17491	corpus-6-dev	TUN	أربع عشرينات؟ و عشرة وحدة ول باقي فاتورة اب دولار.	اربع عشرينات؟ وعشرة واحدة والباقي فاتورة اب دولار.
17493	corpus-6-dev	TUN	عندي سبعة ميات دولار في شيكات سياحية، و إتلثا ميا كاش .	عندي سبعميات دولار في شيكات سياحية، وثلاثمية كاش.
17505	corpus-6-dev	TUN	انحب نأكد على سفرة رجوعي من طوكيو لربعة اجايا. .	نحب نأكد على سفرة رجوعي من طوكيو الاربعا الجاية. 
17533	corpus-6-dev	TUN	وقتش أخر كار تمشي؟	وقتاش آخر كار تمشي؟
17544	corpus-6-dev	TUN	إشنية بش تخو؟	شنيا باش تاخو؟
17560	corpus-6-dev	TUN	نظفه، يا عيشك .	نظفه، ييعيشك.
17602	corpus-6-dev	TUN	عندك إتنبر؟	عندك تنابر؟
17607	corpus-6-dev	TUN	وين ال معرض؟	وين المعرض؟
17692	corpus-6-dev	TUN	قداش يبعد أقرب كيوسك؟	قداش يبعد اقرب كيوسك؟
17699	corpus-6-dev	TUN	بلهي أبعثلي إجواب بل بريد ال جوي. عيشك.	بالله ابعث لي الجواب بالبريد الجوي. يعيشك.
17700	corpus-6-dev	TUN	انحب إنكد على رحلتي.	نحب نناكد على رحلتي.
17707	corpus-6-dev	TUN	قداش سومه هذا؟	قداش سومه هذا؟
17712	corpus-6-dev	TUN	عسلامة. اجا أعمل نضر.	عسلامة. ايجا اعمل نضرة.
17749	corpus-6-dev	TUN	إتنجم إتجي إتهزني امنين نسكن إمعا إسبعا؟	تنجم تجي تهزني منين نسكن مع السبعة؟
17806	corpus-6-dev	TUN	حاجة موش ضرورية وقت إلي متتجوزش لحد أقصى من اعفى منا ضرائب، لكن ننصحك تيعلن علها بش تتعدى بطريقة سلسة.	حاجة موش ضرورية وقت اللي متتجوزش الحد الاقصى من الاعفا من الضرايب، لكن ننصحك تعلن عليها باش تتعدى بطريقة سلسة.
17833	corpus-6-dev	TUN	إينعم سيدي، قادش فما في حفلة متاعك و وقتاش تحب؟	اي نعم سيدي، قداش فما في الحفلة متاعك ووقتاش تحب؟
17856	corpus-6-dev	TUN	قداش اسرعا متع طيران متاعنا؟	قداش السرعة متاع الطيران متاعنا؟
17873	corpus-6-dev	TUN	خوذ ثلاثة حرابش فرد وقت.	خوذ ثلاثة حرابش فرد وقت.
17879	corpus-6-dev	TUN	دايخ.	دايخ.
17895	corpus-6-dev	TUN	دبوزة شامبو لشعر ادهني، يعيشك.	دبوزة شامبو للشعر الدهني، يعيشك.
17896	corpus-6-dev	TUN	لمدة جمعتين.	لمدة جمعتين.
17900	corpus-6-dev	TUN	وين الخزانات متع العملة؟	وين الخزانات متاع العملة؟
17908	corpus-6-dev	TUN	عندي تسعة ميات دولار.	عندي تسعميات دولار.
18009	corpus-6-dev	TUN	أسف. رصيت على نومرو الغالط.	آسف. رصيت على نومرو الغالط.
18038	corpus-6-dev	TUN	ميسالش تعطيني شوية دوايات؟	ميسالش تعطيني شوية دوايات؟
18084	corpus-6-dev	TUN	مفمش حاجة نحبها، أسف، منحب حتى شي.	مفماش حاجة نحبها، آسف، ما نحب حتى شي.
18125	corpus-6-dev	TUN	تحس فما شوية أمل فالعلاقة هذي؟	تحس فما شوية امل فالعلاقة هاذي؟
18150	corpus-6-dev	TUN	عندك من بالأنجليز؟	عندك منو بالانجليز؟
18156	corpus-6-dev	TUN	لازمك تاخو كار نومرو سبعة.	لازمك تاخو كار نومرو سبعة.
18172	corpus-6-dev	TUN	شنية المؤهلات إلي يحتاجها لعبد للخدمة هذي؟	شنيا المؤهلات اللي يحتاجها العبد للخدمة هاذي؟
18176	corpus-6-dev	TUN	نحب نطلب مسافة طويلة لليابان.	نحب نطلب مسافة طويلة لليابان.
18191	corpus-6-dev	TUN	لا. شارع واحد في طريق هذاك.	لا. شارع واحد في الطريق هاذاك.
18204	corpus-6-dev	TUN	عندي روماتيزم.	عندي روماتيزم.
18225	corpus-6-dev	TUN	اش صار؟ منجمتش نشوف.	اش صار؟ ما نجمتش نشوف.
18261	corpus-6-dev	TUN	ل بيوت إلي بحذا بعضهم، يعيشك.	البيوت اللي بحذا بعضهم، يعيشك.
18285	corpus-6-dev	TUN	أسف، أما بقاو عنا كان بلايص متركنين لتالي.	آسف، اما بقاوا عنا كان بلايص متركنين التالي.
18305	corpus-6-dev	TUN	نجم ناخو تسكرة ل بلاصة في طابق لول؟	ننجم ناخو تسكرة لبلاصة في الطابق الاول؟
18331	corpus-6-dev	TUN	انا هو خط الكيران إلي ياقف في هوب ستريت؟	انىهو خط الكيران اللي ياقف في هوب ستريت؟
18332	corpus-6-dev	TUN	باهي، عنا الجاز متع يافز سانت لورنت.	باهي، عنا الجاز متاع يافز سانت لورنت.
18335	corpus-6-dev	TUN	أعطيني حلقوم.	اعطيني حلقوم.
18363	corpus-6-dev	TUN	إنتي سي ابرت، زعمة؟	انتي سي ابرت، زعمة؟
18389	corpus-6-dev	TUN	تنجمش توريني كرسيا، يعيشك؟	تنجمش توريني كرسي، يعيشك؟
18404	corpus-6-dev	TUN	عندي ميتين دولار سيولا وألفين دولارفي الشيكات إسياحية.	عندي ميتين دولار سيولة والفين دولار في الشيكات السياحية.
18405	corpus-6-dev	TUN	معدتي متقلقة .	معدتي متقلقة.
18418	corpus-6-dev	TUN	وقتاش ندفع حقه تو ولا وقت منخلص؟	وقتاش ندفع حقه تو ولا وقت ما نخلص؟
18424	corpus-6-dev	TUN	وين ادير؟	وين الدير؟
18428	corpus-6-dev	TUN	حاجة باهية اني قابلتكم.	حاجة باهية اني قابلتكم.
18452	corpus-6-dev	TUN	هيا صاك زرقة.	هي صاك زرقة.
18455	corpus-6-dev	TUN	وين لازم نغسل المصورة؟	وين لازم نغسل المصورة؟
18458	corpus-6-dev	TUN	وين نجم نلقى شوي تنابر؟	وين ننجم نلقى شوي تنابر؟
18459	corpus-6-dev	TUN	نحب ناخو قلم متع حواجب.	نحب ناخو قلم متاع حواجب.
18478	corpus-6-dev	TUN	راهي تعدي.	راهي تعدي.
18497	corpus-6-dev	TUN	متفوتش الخط، يعيشك.	ما تفوتش الخط، يعيشك.
18547	corpus-6-dev	TUN	وقتاش نعاود ناخذو؟	وقتاش نعاود ناخذه؟
18555	corpus-6-dev	TUN	منحبش ناخو تران.	ما نحبش ناخو تران.
18582	corpus-6-dev	TUN	طيارة الخطوط اليابانيو خمسة صفر تلاثة نهار خمسطش ماي، حجزت في طوكيو.	طيارة الخطوط اليابانية خمسة صفر ثلاثة نهار خمستعش ماي، حجزت في طوكيو.
18599	corpus-6-dev	TUN	نحب نحجز لتلاثة مع ثمانية في ليل.	نحب نحجز لثلاثة مع ثمانية في الليل.
18605	corpus-6-dev	TUN	قداش سومو بل كلمة لل يابان؟	قداش سومه بالكلمة لليابان؟
18606	corpus-6-dev	TUN	نتصور ل إقتراحات باهية، تخلينا نلقاو لعباد صحاح.	نتصور الاقتراحات باهية، تخلينا نلقاوا العباد الصحاح.
18627	corpus-6-dev	TUN	زوز تساكر مشي وجي لواشنطن دي سي، يعيشك.	زوز تساكر مشي وجي لواشنطن دي سي، يعيشك.
18631	corpus-6-dev	TUN	قداش تبقى ب تران باش تمشي ال بوسطن؟	قداش تبقى بالتران باش تمشي لبوسطن؟
18635	corpus-6-dev	TUN	خلصتني.	خلصتني.
18661	corpus-6-dev	TUN	قداش ال باريز؟	قداش للباريز؟
18663	corpus-6-dev	TUN	ميعديش.	ما يعديش.
18666	corpus-6-dev	TUN	قداش لازم ناخو دوا هذا؟	قداش لازم ناخو الدوا هذا؟
18689	corpus-6-dev	TUN	سامحني. فما منين نتعداو من هوني؟	سامحني. فما منين نتعداو من هوني؟
18692	corpus-6-dev	TUN	إنت في نص غربة شارع.	انت في نص غربة شارع.
18730	corpus-6-dev	TUN	نجم نستعمل فرشك؟	ننجم نستعمل فرشك؟
18732	corpus-6-dev	TUN	حطوا كيف ما هو، يعيشك.	حطه كيف ما هو، يعيشك.
18743	corpus-6-dev	TUN	يعيشك كلم بيرو الحجات الضايعة.	يعيشك كلم بيرو الحجات الضايعة.
18748	corpus-6-dev	TUN	فران ب ساق ميخدمش.	فران بساق ما يخدمش.
18754	corpus-6-dev	TUN	شنية ال متفتحات إلي عندك؟	شنيا المتفتحات اللي عندك؟
18807	corpus-6-dev	TUN	وين أدريستك؟	وين ادريستك؟
18813	corpus-6-dev	TUN	هاذي هدية ل صحابي.	هاذي هدية لصحابي.
18832	corpus-6-dev	TUN	هذا ألماس قرات واحد، صحيح؟	هذا الماس قراط واحد، صحيح؟
18861	corpus-6-dev	TUN	كيفاش نطلب؟	كيفاش نطلب؟
18863	corpus-6-dev	TUN	بوليسي.	بوليسي.
18866	corpus-6-dev	TUN	نحس روحي بخيل.	نحس روحي بخيل.
18869	corpus-6-dev	TUN	يمكن زادة.	يمكن زادة.
18875	corpus-6-dev	TUN	وقتاش يمشي؟	وقتاش يمشي؟
18878	corpus-6-dev	TUN	فما حاجة ثمينة ولا تتكسر في فليجتك؟	فما حاجة ثمينة ولا تتكسر في فليجتك؟
18903	corpus-6-dev	TUN	خسارة. أما منعرفش فين بلاصتي.	خسارة. اما ما نعرفش فين بلاصتي.
18921	corpus-6-dev	TUN	ايكيبانا هيا فن لمان لورد. فما أكثر من تلاثة ألاف مدرسة ايكيبانا فل يابان.	ايكيبانا هي فن لمان الورد. فما اكثر من ثلاثة الاف مدرسة ايكيبانا فاليابان.
18969	corpus-6-dev	TUN	هز لوصفة هذي لل فارماسي.	هز الوصفة هاذي للفارماسي.
18977	corpus-6-dev	TUN	فما بلاصة لل تزلج قريب منا؟	فما بلاصة للتزلج قريب منا؟
18992	corpus-6-dev	TUN	تنجم تعطيني مصورتي بعد مندخل، يعيشك؟	تنجم تعطيني مصورتي بعد ما ندخل، يعيشك؟
19001	corpus-6-dev	TUN	هاذي الكار؟	هاذي الكار؟
19016	corpus-6-dev	TUN	هاذي بروشور متع برشة معالم تمشيولهم بالكار، فيهم رحلات نهار كامل، نص نهار، ورحلات بالصباح واليل.	هاذي بروشور متاع برشا معالم تمشيوا لهم بالكار، فيهم رحلات نهار كامل، نص نهار، ورحلات بالصباح والليل.
19020	corpus-6-dev	TUN	مازال فما قهوة؟	ما زال فما قهوة؟
19043	corpus-6-dev	TUN	تنجم تقلي كيفاش نعبي لبيت هاذي؟	تنجم تقول لي كيفاش نعبي البيت هاذي؟
19135	corpus-6-dev	TUN	شنية نوع البيت ل تحبها؟	شنيا نوع البيت اللي تحبها؟
19152	corpus-6-dev	TUN	غلتطي.	غلتطي.
19171	corpus-6-dev	TUN	نجم نكلم ديركت من بيتي؟	ننجم نكلم ديركت من بيتي؟
19176	corpus-6-dev	TUN	ثبت م سبتة مليح.	ثبت مالسبتة مليح.
19200	corpus-6-dev	TUN	تنجم تنتقلي هذا؟	تنجم تنطق لي هذا؟
19216	corpus-6-dev	TUN	تنجم تعدي عليه ديبانج، دكتور؟	تنجم تعدي عليه ديباناج، دكتور؟
19239	corpus-6-dev	TUN	هذا يعني إلي إنت زادة إلي إنت ضيعت فيزا متاعك. لازمك تعاود تصب دوسي الهجرة.	هذا يعني اللي انت زادة اللي انت ضيعت فيزا متاعك. لازمك تعاود تصب دوسي الهجرة.
19253	corpus-6-dev	TUN	تلفزة مكسرة.	التلفزة مكسرة.
19254	corpus-6-dev	TUN	تسكرة مشي وجي لكسفورد؟ نهار خمسطاش مع تسعة بضبط.	تسكرة مشي وجي لاكسفورد؟ نهار خمستعش مع تسعة بالضبط.
19291	corpus-6-dev	TUN	فما كاميرا الداخل. يعيشك خبيها في بلاصة امنة.	فما كاميرا الداخل. يعيشك خبيها في بلاصة آمنة.
19297	corpus-6-dev	TUN	لا، يعيشك. باش تغيم وقت طيارة، المهم.	لا، يعيشك. باش تغيم وقت الطيارة، المهم.
19300	corpus-6-dev	TUN	هذا معاه شرب؟	هذا معاه شرب؟
19324	corpus-6-dev	TUN	عصير بردقان، بيرة، شراب، ويسكي و كوكتال.	عصير برتقان، بيرة، شراب، ويسكي وكوكتال.
19351	corpus-6-dev	TUN	عندك شيكات لمسافرين؟	عندك شيكات للمسافرين؟
19376	corpus-6-dev	TUN	تنجم تعطيني الملح؟	تنجم تعطيني الملح؟
19387	corpus-6-dev	TUN	أمان اطلب ثمانية.	امان اطلب ثمانية.
19404	corpus-6-dev	TUN	نحب بافلو.	نحب بافلو.
19431	corpus-6-dev	TUN	فما رحلة بل ماشي ل بلايص معروفة.	فما رحلة بالمشي لبلايص معروفة.
19454	corpus-6-dev	TUN	نقدرو برشة معاودتكم للكنتراتو.	نقدروا برشا معاودتكم للكنتراتو.
19455	corpus-6-dev	TUN	وين لقيتهم لحاجات ضايعين؟	وين لقيتهم الحاجات ضايعين؟
19496	corpus-6-dev	TUN	أمان قلي شنية رستو المعروف هوني.	امان قل لي شنيا الرستو المعروف هوني.
19498	corpus-6-dev	TUN	طيحت كاميرا متاعي. تنجم تشوف شبيها، يعيشك؟	طيحت الكاميرا متاعي. تنجم تشوف شبيها، يعيشك؟
19522	corpus-6-dev	TUN	عندك كان حاجات تخصني فل فليجة هذي.	عندك كان حاجات تخصني فالفليجة هاذي.
19526	corpus-6-dev	TUN	نحب نمشي للتواليت، أما عندي برشة دبش. لازمني نستنى.	نحب نمشي للتواليت، اما عندي برشا دبش. لازمني نستنى.
19531	corpus-6-dev	TUN	بيت ل بعد فيها برشة حس.	بيت اللي بعد فيها برشا حس.
19596	corpus-6-dev	TUN	باهي برشة. مينجمش يكون سمين شوية. زوز.	باهي برشا. ما ينجمش يكون سمين شوية. زوز.
19601	corpus-6-dev	TUN	خمسطاش ايه. أنا قاعد فل بلاصة ال غلطة؟	خمستعش ايه. انا قاعد فالبلاصة الغلطة؟
19625	corpus-6-dev	TUN	هذا هو، بعد، شنية بش يصير؟	هذا هو، بعد، شنيا باش يصير؟
19627	corpus-6-dev	TUN	فليجتي تسرقت.	فليجتي تسرقت.
19629	corpus-6-dev	TUN	وقت تشوف واحد، جست شاور ب يديك.	وقت تشوف واحد، جوست شاور بيديك.
19652	corpus-6-dev	TUN	بلايص طبق لول، يعيشك.	بلايص الطابق الاول، يعيشك.
19664	corpus-6-dev	TUN	مشيت لي متع تساكر جديدة.	مشيت mistran (mistran in original english) متاع تساكر جديدة.
19671	corpus-6-dev	TUN	هدية لمي.	هدية لامي.
19684	corpus-6-dev	TUN	نحب نبعث جواب هذا ب طيارة.	نحب نبعث الجواب هذا بطيارة.
19714	corpus-6-dev	TUN	فيلم يبدا مع عشرة و نص متع العشية. يكمل واحدة متع الصباح.	الفيلم يبدا مع عشرة ونص متاع العشية. يكمل واحدة متاع الصباح.
19749	corpus-6-dev	TUN	هاذا الباقي متاعك، سيدي.	هاذا الباقي متاعك، سيدي.
19788	corpus-6-dev	TUN	منين نجم ناخو تسكرة طيارة ب سوم معقول؟	منين ننجم ناخو تسكرة طيارة بسوم معقول؟
19796	corpus-6-dev	TUN	وين كونتوار اكسسوارات؟	وين كونتوار الاكسسوارات؟
19807	corpus-6-dev	TUN	قالو تحت صفر.	قالوا تحت الصفر.
19851	corpus-6-dev	TUN	نحب نخلص خمسين دولار و عشرين ألف لل ين ياباني بل ميزان.	نحب نخلص خمسين دولار وعشرين الف للين ياباني بالميزان.
19879	corpus-6-dev	TUN	عندك موديل؟	عندك موديل؟
19913	corpus-6-dev	TUN	تنجم توريني كيفاش نلعب لعبة هذي؟	تنجم توريني كيفاش نلعب اللعبة هاذي؟
19953	corpus-6-dev	TUN	خاطر في أمريكا، ساهل باش تدخل لل جامعة أما صعيب بش تتخرج.	خاطر في امريكا، ساهل باش تدخل للجامعة اما صعيب باش تتخرج.
